Region,Site Name,SiteID,Assemblage,LabID,C14Age,C14SD,Delta 13,Material,MaterialID,Source,NZTM N,NZTM E,Longitude,Latitude
Southern,"Mary Island Burial, Hauroko",C45/1,"Burial cave, sample from a manuka stake place in the ground to support a trussed body on a platform",NZ0883,306,41,-25,Wood,Leptospermum scoparium,NZRD,4892101,1160719,167.3282496,-45.98371269
Southern,Lee Island,D41/7,"Square D5, Layer 2, Yellow grey silt containing some charcoal",NZ6733,281,51,-24.43,Charcoal,"Leptospermum scoparium - dominant; Coprosma sp. - subdominant; Phyllocladus alpinus, Podocarpus totara, P. hallii, Nothofagus solandri var - minor; fern",Anderson and McGovern-Wilson 1991,5000252,1195832,167.8687596,-45.03578371
Southern,"Sealers Bay, Codfish Island",D48/21,SB4 - TPD - Layer 2,Wk21442,464,36,-24.8,Charcoal,Hebe salicifolia 7 - Pseudopanax colensoi 7 - Leptospermum scoparium 6 - Fuchsia excorticata 3 - Griselina littoralis 3 - Myrsine australis 2,Smith and Anderson 2008,4807072,1190900,167.6419514,-46.76430015
Southern,"Sealers Bay, Codfish Island",D48/21,SB 4 - TPE - Layer 2,Wk21443,542,35,-24.8,Charcoal,Leptospermum scoparium 4 - Hebe salicifolia 2 - Pseudopanax colensoi 7 - Melicytus ramiflorus 1 - Myrsine australis 1,Smith and Anderson 2008,4807072,1190900,167.6419514,-46.76430015
Southern,"Sealers Bay, Codfish Island",D48/5a,SB1 Area 1 - C8-Layer 2-spit 3,Wk21436,740,35,-26,Charcoal,Hebe salicifola 6 - Pseudopanax colensoi 5 - Leptospermum scoparium 4 - Pseudopanax edgerleyi 3 - Myrsine australis 2 - Coprosma sp. 1 - Griselinia littoralis 1 - Pseudopanax crassifolius 1,Smith and Anderson 2008,4807072,1190900,167.6419514,-46.76430015
Southern,"Sealers Bay, Codfish Island",D48/5a,SB1  Area 1 - C7 - Layer 2- spit 4,Wk21437,631,35,-24.6,Charcoal,Myrsine australis 5 - Griselinia littoralis 3 - Leptospermum scoparium 3 - Hebe salicifolia 1 - Coprosma sp. 1 - Aristotelia serrata 1 - Fuchsia excorticata 1,Smith and Anderson 2008,4807072,1190900,167.6419514,-46.76430015
Southern,"Sealers Bay, Codfish Island",D48/5a,SB1 Area 2 - H2 - Layer 2-spit 4,Wk21438,197,35,-28.2,Charcoal,Pteridium esculentum 2 - Fuchsia excorticata 1 - Pseudopanax edgerleyi 1 - Ascarina lucida 1 ,Smith and Anderson 2008,4807072,1190900,167.6419514,-46.76430015
Southern,"Sealers Bay, Codfish Island",D48/5b,SB1 Area 2 - H2 - Layer 3 - spit 6 ,Wk21439,529,35,-24.9,Charcoal,Aristotelia serrata 9 - Hebe salicifolia 8 - Leptospermum scoparium 7 - Pseudopanax edgerleyi 2 -  Ascarina lucida 1 - Dracophyllum longifolium 1,Smith and Anderson 2008,4807072,1190900,167.6419514,-46.76430015
Southern,"Sealers Bay, Codfish Island",D48/5b,SB1  Area 4 - C - Layer 3 - spit 6,Wk21440,517,34,-25.9,Charcoal,Hebe salicifolia 3 - Leptospermum scoparium 3 - Coprosma sp. 2 - Aristotella serrata 1 - Fuchsia excorticata 1 - Myrsine australis 1,Smith and Anderson 2008,4807072,1190900,167.6419514,-46.76430015
Southern,"Sealers Bay, Codfish Island",D48/5b,SB1 Area 4 - C - Layer 3 - spit 7,Wk21441,548,35,-25,Charcoal,Hebe salicifolia 5 - Leptospermum scoparium 3 - Coprosma sp. 2 - Pseudopanax crassifolius 2 - Fuchsia excorticata 1 ,Smith and Anderson 2008,4807072,1190900,167.6419514,-46.76430015
Southern,Cascase state forest,E38/3,"Square 13B, Layer 1",NZ7348,541,72,-26.89,Charcoal,"Weinmannia recemose, Daacrydium cupresinum, Nothofagus sp., Olearia sp.",NZRD,5109327,1225724,168.3261035,-44.07355395
Southern,Barn Bay,E38/7,"Square A, Layer 3, Spit 2",NZ7340,669,72,-26.87,Charcoal,"Hoheria sp., Schleffera digitata, Hebe sp., Metrosideros sp., Nothofagus sp., Weinmannia racemosa, Aristotelia serrata, Myrsine australis, Lagarostrabos colensoi, Podocarpus totara/hallii",NZRD,5109427,1225524,168.323685,-44.07255452
Southern,"Dart Bridge, Glenorcy",E40/2,"Complex BPit IV, Layer 3. Sample from a layer of ovenstones and charcoal.",NZ5324,587,56,-23.98,Charcoal,Coprosma sp,NZRD,5030926,1229859,168.3216715,-44.77915612
Southern,"Dart Bridge, Glenorcy",E40/2,Pit A. Layer 5 7cm layer of charcoal beneath 20cm of ovenstones,NZ5325,723,57,26.9,Charcoal,Coprosma sp - dominant. Sophora sp [probably S microphylla] -subdominant. Nothofagus sp. - trace,NZRD,5030926,1229859,168.3216715,-44.77915612
Southern,"Dart Bridge, Glenorcy",E40/2,"Complex COven pit, square 5 layer 2",NZ5323,337,55,-26.2,Charcoal,"Sophora sp [probably S. microphylla] dominant, Nothofagus sp - co-dominant",NZRD,5030926,1229859,168.3216715,-44.77915612
Southern,"Dart Bridge, Glenorcy",E40/2,"Complex DPit I, Layer 1. Sample from the rim of pit",NZ5326,442,41,-22.16,Charcoal,Nothofagus sp.-dominant. Hebe sp. Minor,NZRD,5030926,1229859,168.3216715,-44.77915612
Southern,Pig Island,E41/196,Oven. Charcoal layer under burnt stones. Sample from the outer edge of the oven,NZ6687,672,33,-23.3,Charcoal,Phyllocladus alpinus - dominant; Coprosma sp. - subdominant,NZRD,5014009,1237081,168.4005626,-44.93465452
Southern,Tiwai Point,E47/13,"TW/X/W23/2/Oven Area XAn extensive flaking floor associated with midden containing shellfish, bird, fish and mammalian bone",NZ4469,656,29,-25.4,Charcoal,"Leptospermum scoparium 76%, Podocarpus totara/hallii [probably P totara] 20 % Pittosporum sp 4 %",NZRD,4829776,1245538,168.3724341,-46.59188984
Southern,Owens Ferry,F41/1,"Layer 10Sample from charcoal beneath oven stones, associated with moabone",NZ6039,699,46,-24.33,Charcoal,"Nothofagus sp. - dominant. Phyllocladus alpinus, Coprosma sp, - minor. Hebe sp - trace",NZRD,5007734,1273529,168.8571497,-45.00865138
Southern,Owens Ferry,F41/1,"Layer 8/9Sample from charcoal beneath oven stones, associated with moabone",NZ6040,763,34,-24.19,Charcoal,Phyllocladus alpinus - dominant; Discaria toumatoui - trace,NZRD,5007734,1273529,168.8571497,-45.00865138
Southern,Parkburn,G41/2,"Block 22, Square 17, Area A, Oven A, Layer 3Sample is from a layer of charcoal at the bottom of an oven, beneath yellow clay with oven stones",NZ5336,365,55,-22.07,Charcoal,Discaria toumatou - dominant. Podocarpus totara/hallii - minor. Leptospermum ericoides - trace,NZRD,5014969,1305551,169.2668172,-44.95767083
Southern,Parkburn,G41/2,"Area C, Oven D, Layer 2Sample is from a layer of charcoal on a basal gravel layer, beneath gravel and ovenstones",NZ5337,340,39,-24.63,Charcoal,Discaria toumatou,NZRD,5014969,1305551,169.2668172,-44.95767083
Southern,Parkburn,G41/2,"Area C, Oven C, Layer 2Sample from charcoal layer resting on sand and pebbles beneather ovenstones",NZ5338,426,32,-22.1,Charcoal,Discaria toumatou,NZRD,5014969,1305551,169.2668172,-44.95767083
Southern,Tinwaldburn,G41/288,"Suspected prehistoric oven, now exposed as a mound on a wind deflated area. Sample from charcoal lens beneath lichen covered oven stones, above river gravel, greywacke and quartz cobbles",NZ5416,303,45,-24.61,Charcoal,Discaria toumatou,NZRD,5018874,1307650,169.2956331,-44.92345777
Southern,Rockfall II,G41/453,Oven excavated into layer 3,NZ5340,632,45,-23.24,Charcoal,Discaria toumatou - dominant. Sophora sp [probably S.microphylla] - minor. Coprosma sp. Leptospermum ericoides - trace,NZRD,5001156,1303963,169.2386003,-45.08108689
Southern,Rockfall II,G41/453,Oven excavated into layer 4,NZ5341,376,38,-23.51,Charcoal,Discaria toumatou - dominant. Hebe sp. - minor. Sophora sp [probably S microphylla] Coprosma sp - minor,NZRD,5001156,1303963,169.2386003,-45.08108689
Southern,Hawksburn,G42/13a,HB/H/14 spit ii. Sample from the base of a large shallow oven at the base of the cultural layer,NZ5044,692,33,-24.5,Charcoal,"Coprosma sp. Dominant, Olearia sp. Minor)",NZRD,4986641,1300075,169.1806004,-45.20982009
Southern,Hawksburn,G42/13a,HB/H/8 spit iii. Deep oven covered by throw-out from adjacent feature. Oven was sealed by the later construction of another oven,NZ5045,709,33,-25.3,Charcoal,Coprosma sp.-dominant. Olearia sp subdominant. Hebe sp minor,NZRD,4986641,1300075,169.1806004,-45.20982009
Southern,Hawksburn,G42/13a,HB/I/23 spit ii. Feature c - edge of oven. Sample from bottom of spit ii associated with moa metatarsal and phallanges,NZ5046,714,33,-23.1,Charcoal,"Coprosma sp. Dominant, Olearia sp. Minor)",NZRD,4986641,1300075,169.1806004,-45.20982009
Southern,Hawksburn,G42/13a,HB/M/6 spit ii. Shallow oven partially overlapping oven in layer 3,NZ5047,611,33,-25,Charcoal,Oleria sp. Dominant. Coprosman sp. Subdominant,NZRD,4986641,1300075,169.1806004,-45.20982009
Southern,Hawksburn,G42/13a,"HB/FB/8 spit ii. Oven throw out, material from refurbishment of ovens. Sample from the middle of refuse",NZ5048,691,33,-24.7,Charcoal,Oleria sp. Dominant. Coprosman sp. Subdominant,NZRD,4986641,1300075,169.1806004,-45.20982009
Southern,Hawksburn,G42/13b,"HB/L/5 Layer 3. Lower cultural layer, beneath layer of clean silt which seals off the oven from which this sample was obtained",NZ5049,652,33,-25.1,Charcoal,Oleria sp. Dominant. Coprosman sp. Subdominant,NZRD,4986641,1300075,169.1806004,-45.20982009
Southern,Hawksburn,G42/13a,HB/M/14 spit iv. Very deep oven partially sealed by silt layer,NZ5050,720,33,-24.5,Charcoal,"Coprosma sp. dominant, Olearia sp. Minor, Phylloclodies alpimus - rare",NZRD,4986641,1300075,169.1806004,-45.20982009
Southern,Hawksburn,G42/13a,HB/FA/15 spit iii. Sample from small deep oven on the edge of a refuse area,NZ5051,668,33,-25.4,Charcoal,Hebe sp. Olearia sp. Coprosma sp.,NZRD,4986641,1300075,169.1806004,-45.20982009
Southern,Hawksburn,G42/13b,HB/L/10 Layer 3. Lower cultural layer. Sample dates second oven partially filled with moabone and sealed by clean silt below main cultural layer,NZ5052,663,28,-25.1,Charcoal,Oleria sp. Dominant. Coprosman sp. Subdominant,NZRD,4986641,1300075,169.1806004,-45.20982009
Southern,Italian Creek,G42/183,"Square A2, Layer 1AHearth, sample from bottom of the layer from a concentration of charcoal in dark silt",NZ4715,309,82,-25.9,Charcoal,"Hebe sp. 50%, Discaria toumatou 50%",NZRD,4997260,1310071,169.3137907,-45.11861307
Southern,Italian Creek,G42/183,"Square A2, Layer 1AHearth, layer contains dark silt with fresh water mussel and numerous fragments of burnt moa eggshell. Sample from a discrete charcoal concentration",NZ4716,579,96,-26.5,Charcoal,"Discaria toumatou 66%, Hebe sp. 34 %",NZRD,4997260,1310071,169.3137907,-45.11861307
Southern,Minzionburn,G43/105,"Testpit 2, Layer IISample comes from an oven feature, partially destroyed by the construction of a subsequent oven. Sample in black soil containing ovenstons and charcoal",NZ6654,672,52,-24.01,Charcoal,Phyllocladus alpinus - dominant; Leptospermum scoparium - minor,NZRD,4941944,1328251,169.5140603,-45.62283888
Southern,Minzionburn,G43/105,"South testpit, Layer IibSample from a shallow oven feature in the western hald of the site in charcoal and black soil between 15-18cm below the surface",NZ6657,671,54,-24.29,Charcoal,Phyllocladus alpinus - dominant; Leptospermum scoparium - minor,NZRD,4941944,1328251,169.5140603,-45.62283888
Southern,Italian Creek,G43/183,"Square A2, Layer 1AHearth, sample from bottom of the layer from a concentration of charcoal in dark silt",NZ4714,399,88,-25.5,Charcoal,"Hebe sp. 84%, Discaria toumatou 16%",NZRD,4997260,1310071,169.3137907,-45.11861307
Southern,Coal Creek,G43/51,Oven pit. Sample from dark soil with numerous pieces of charcoal through it,NZ6855,655,40,-26.28,Charcoal,"Hoheria/Plagianthus gp - dominant; Coprosma sp (2), Olearia sp - subdominant; unidentified - minor",NZRD,4956631,1311520,169.3085347,-45.48417052
Southern,Papatowai,G47/50,lowestPapatowai Bottom: A&S,Wk1761,650,45,-25.9,Charcoal, Leptospermum scoparium - 13pc; Pseudopanax arboreus - 3pc; Pseudowinteria colorata - 3pc; Hoheria sp. - 3pc; Nothofagus sp. - 2pc; Coprosma sp. - 1pc; Pittosporum sp. - 1pc; Archeria traversi - 1pc; bark,NZRD,4837793,1330143,169.4791755,-46.55921405
Southern,Papatowai,G47/50,lowestPapatowai Bottom: A&S,Wk1762,640,45,-25.4,Charcoal,Leptospermum scoparium - 14pc; Pseudopanax edgerleyi - 6pc; Myrsine australis - 3pc; Hoheria sp. - 1pc; Dracophyllum sp. - 1pc,NZRD,4837793,1330143,169.4791755,-46.55921405
Southern,Papatowai,G47/50,topPapatowai Upper: A&S,NZA1415,570,66,-24.9,Charcoal,Leptospermum scoparium - 1pc; Pseudopanax arboreus - 1pc; Carpodetus serratus - 1pc,NZRD,4837793,1330143,169.4791755,-46.55921405
Southern,Te Ngawai,I38/4,Charcoal beneath two discrete ovenstone layers,NZ6297,647,41,-25.35,Charcoal,"Myrsine australis, dominant. Hymenanthera sp. minor",NZRD,5102372,1416444,170.702479,-44.20877246
Southern,Te Ngawai,I38/5,Large circular oven. Sample from thin charcoal layer at base,NZ6364,657,29,-25.82,Charcoal,Myrsine australis,Fankhauser 1992,5102372,1416544,170.7037297,-44.20879762
Southern,Mt Parker,I40/43,"Large oven, charcoal from ovenstone and charcoal layer beneath layer of ovenstones",NZ6210,609,34,-25.02,Charcoal,Myrsine australis,Fankhauser 1992,5037266,1416479,170.6797922,-44.79443554
Southern,Mt Parker,I40/44,Ovenstone fromgreasy black soil with charcoal at base beneath ovenstones,NZ6409,718,34,21.17,Charcoal,Olearia sp. Myrsine australis,Fankhauser 1992,5037066,1415779,170.6708772,-44.79605442
Southern,Wainui,I40/46,Charcoal from ovenstone and charcoal layer beneath layer of ovenstones,NZ6211,589,34,-26.14,Charcoal,Myrsine australis,Fankhauser 1992,5037662,1410878,170.609188,-44.78941364
Southern,Wainui,I40/48,"Circular raised rim oven, charcoal layer at base beneath oven stones",NZ6383,588,29,-26.14,Charcoal,"Coprosma sp. Dominant, Hebe sp. Minor",Fankhauser 1992,5038063,1411178,170.6131259,-44.78588618
Southern,Wainui,I40/49,Charcoal collected from beneath first layer of ovenstones,NZ6171,509,46,-24.68,Charcoal,Coprosma sp.,Fankhauser 1992,5038063,1410978,170.6106,-44.78583333
Southern,Wainui,I40/51,Ovenstones and charcoal at base of oven,NZ6212,392,29,-23.73,Charcoal,"Myrsine australis, dominant. Hymenanthera sp. Minor",Fankhauser 1992,5037863,1410878,170.6092627,-44.78760577
Southern,Wainui,I40/52,Circular charcoal layer beneath large ovenstones,NZ6393,588,34,-26.73,Charcoal,"Myrsine australis dominant, Sophora microphylla minor",Fankhauser 1992,5036564,1413079,170.6365852,-44.79986862
Southern,Mapoutahi Pa,I44/17,"layer 2Mapoutahi Pa: Square 4, Layer 2, sample from strip C at the bottom of layer 2, above hard packed silty loess and below brown friable loam. Sample associated with nephrite adze blank immediatly beyond pa defences.",NZ6698,182,45,-24.72,Charcoal,"Myrsine australis - dominant; Carpodetus serratus, Pittosporum tenuifolium - subdominant; Hebe sp., unidentified - minor)",NZRD,4932663,1414586,170.6168162,-45.73472943
Southern,Mapoutahi Pa,I44/17,"layer 3Mapoutahi Pa: Square 3A, Layer 3, strip A. Sample from a concentration of charcoal and oven stones. Sample associated with sealed oven which lies inside palisade posthole rows and which is adjacent to a pig mandible. Beneath friable loam and clay with m",NZ6770,258,50,-24.33,Charcoal,"Leptospermum scoparium, Myrsine australis - codominant; Pittisporum tenuifolium, Carpodetus serratus, Coprosma sp., Hebe sp., unidentified - minor ",NZRD,4932663,1414586,170.6168162,-45.73472943
Southern,Mapoutahi Pa,I44/17,"layer 3Mapoutahi Pa: Square 9, Layer 3, strip B - dark brown silty clay with midden and charcoal intermixed. Sample associated with sealed oven or rake-out area.",NZ6759,257,50,-24.68,Charcoal,"Melicytus ramiflorus - dominant; Sophora microphylla, Myrsine australis, Leptospermum scoparium, Hebe sp., Coriaria arborea, Podocarpus totara/hallii, unidentified - minor)",NZRD,4932663,1414586,170.6168162,-45.73472943
Southern,Long Beach,I44/23,"Layer 4a: Square 5E, upper lens of complex Archaic level which contains fewer artifacts than the Classic occupation layer above. ",NZ4704,476,56,-24.2,Charcoal,"Coprosma sp. - dominant; Podocarpus totara/hallii, Hebe sp. - sub-dominant; Pittosporum sp., Hoheria or Plagianthus sp, Leptospermum scoparium - minor; Pseudopanax sp. - trace",NZRD,4929766,1417090,170.6478787,-45.7614492
Southern,Sandfly Bay,I44/68,N1E9,NZA22837,679,35,-23.31,Charcoal,"Coprosma, pittosporum, plagianthus, mapau, kanuka",Briden 2005,4914669,1417912,170.6527371,-45.89743461
Southern,Te Mako,J40/10,Charcoal and heat shattered rocks from inside oven,NZ6208,560,29,-25.77,Charcoal,Lophomyrtus obcordata,Fankhauser 1992,5042285,1443875,171.0274679,-44.75579056
Southern,Brunswick Downs,J40/12,Charcoal from ovenstone and charcoal layer beneath layer of ovenstones,NZ6209,675,30,-25.41,Charcoal,Myrsine australis,Fankhauser 1992,5031896,1420182,170.7246711,-44.84368056
Southern,Limestone Hills,J40/18,"Raised rim oven, charcoal from layer of charcoal beneath ovenstones",NZ6170,215,26,-26.68,Charcoal,Nothofagus sp. Coprosma sp.,Fankhauser 1992/NZRD,5041782,1439576,170.9730282,-44.75936508
Southern,Holmeview,J40/21,Sample from large oven,NZ6166,180,36,-24.44,Charcoal,Letospernum scoparium dominant; Psuedopanax crassifoilius,Fankhauser 1992/NZRD,5041179,1435076,170.9160122,-44.76376683
Central,Holmeview,J40/21,Charcoal beneath cracked ovenstone in compact clay soil,NZ6411,140,32,-23.67,Charcoal,Leptospermum ericoides,Fankhauser 1992,5041179,1435076,170.9160122,-44.76376683
Southern,Pleasant River Mouth,J43/1a,"Pleasant River Mouth Late: Area 3, square A1, layer 1. ",NZA2802,494,62,-25.1,Charcoal,Olearia sp.,Smith 1999,4952433,1422579,170.7266765,-45.55901857
Southern,Pleasant River Mouth,J43/1b,"Pleasant River Mouth Early: Area 1, square A1, layer 2.",NZ7960,507,64,-27.6,Charcoal,"Coprosma sp. - 50%, Discaria toumatou - 25%, Shrub ?Coprosma sp. - 25%",Smith 1999,4952433,1422579,170.7266765,-45.55901857
Southern,Pleasant River Mouth,J43/1 ,"Area D, Layer 4",Wk 2789,550,90,-26.3,Charcoal,Discaria toumatou - 13 pieces. Pittosporum sp. - 4pc. Muehlenbeckia sp. - 6pc. Coprosma sp. - pc. Shrub sp. 1 pc,NZRD,4952433,1422579,170.7266765,-45.55901857
Southern,Shag River Mouth,J43/2,"Shag River Mouth: Area SM/A - hut site. Square 3, Layer 2 - cultural horizon [between 30-40cm thick], containing artifactual material and food refuse of Maori origin, along with modern items such as rusty nails and wire netting.",NZ7759,627,47,-26.5,Charcoal,"Olearia - 31%, Hoheria - 25%, Coprosma - 25%, Pseudopanax arboreus - 13%, Myrsine australis - 6%) ",NZRD,4961279,1429249,170.8151595,-45.48112127
Southern,Shag River Mouth,J43/2,"Shag River Mouth: Area SM/C: Dune. Square A6, Layer 11 - lowest cultural layer which was not very rich in cultural material. Sample was from a large, in situ, cooking pit in the northwest corner of the grid. ",NZ7771,660,46,-26.6,Charcoal,"Pseudowinteria colorata - 60%, Leptospermum scoparium - 30%, Pittosporum - 10%)",NZRD,4961279,1429249,170.8151595,-45.48112127
Southern,Shag River Mouth,J43/2,"Shag River Mouth: Area SM/C: Swamp. Square Y3, Layer 3, 40-45cm below surface. Sample associated with moa carcass in wet, fine sand and rotting vegetation. ",NZ7734,781,37,-25.6,Wood,Flax (Phormium tenax) ,NZRD,4961279,1429249,170.8151595,-45.48112127
Southern,Shag River Mouth,J43/2,"Shag River Mouth: Area SM/D: 3 - group of fire places. Squares E-F/4-5, Layer 2 - charcoal blackened sand with midden, bone and stone artifacts. Sample from the base of the deepest portion of Feature 1 - oven. ",NZA0887,626,95,-26.47,Charcoal,"Coprosma - 22%, Pseudowinteria colorata - 22%, Olearia - 22%, shrub sp. - 22%, Kunzea ericoides - 11%",NZRD,4961279,1429249,170.8151595,-45.48112127
Southern,Shag River Mouth,J43/2,"Shag River Mouth: Area SM/D:1 - in the vacinity of a rectangular stone lined hearth. Layer 3 - lower component considerably darker than sand above, contains rich shell and bone midden. Sample from the southwest extension of layer 3.",NZA0888,585,93,-26.45,Charcoal,"Melicytus ramiflorus - 36%, Hoheria - 29%, Hebe - 14%, Elaeocarpus - 7%, Pteridium - 7%, Coprosma - 7%",NZRD,4961279,1429249,170.8151595,-45.48112127
Southern,Shag River Mouth,J43/2,"Shag River Mouth: Area SM/B: FHA - cultural deposit. Square B2, Layer 2 - charcoal darkened sand containing midden, including moabone and artifacts [ca 20cm thick]. ",NZ7760,582,47,-25.8,Charcoal,"Hoheria - 32%, Pittosporum - 21%, Shrup sp. - 21%, Olearia - 16%, Kunzea ericoides - 5%, Sophora microphylla - 5%",NZRD,4961279,1429249,170.8151595,-45.48112127
Southern,Shag River Mouth,J43/2,"Shag River Mouth: Area SM/C: Dune, Square C6, Layer 6. Sample from the upper part of the layer which was rich in cultural material in comparison with the lower portion of the layer.",NZ7756,670,47,-26.8,Charcoal,"Hoheria - 95%, Myrsine australis - 5%",NZRD,4961279,1429249,170.8151595,-45.48112127
Southern,Shag River Mouth,J43/2,"Shag River Mouth: Area SM/C: Dune. Square B4, Layer 7 - a fairly thin cultural layer of charcoal darkened sand [ca 10cm thick], rich in cultural material. ",Wk2589,630,35,-28.3,Charcoal,Hoheria sp.,NZRD,4961279,1429249,170.8151595,-45.48112127
Southern,Shag River Mouth,J43/2,"Shag River Mouth: Area SM/C: Dune. Square B4, Layer 7 - thin cultural layer of charcoal darkened sand. ",Wk2590,620,35,-27.6,Charcoal,pretreatment experiment - acid washed fraction  (Hoheria) ,NZRD,4961279,1429249,170.8151595,-45.48112127
Southern,Shag River Mouth,J43/2,"Shag River Mouth: Area SM/C: Dune. Square B4, Layer 7 - thin cultural layer of charcoal darkened sand. ",Wk2591,660,35,-27.1,Charcoal,pretreatment experiment - ABA insol. fraction  (Hoheria) ,NZRD,4961279,1429249,170.8151595,-45.48112127
Southern,Shag River Mouth,J43/2,"Shag River Mouth: Area SM/C: Dune. Square B4, Layer 7 - thin cultural layer of charcoal darkened sand. ",Wk2592,580,45,-27.1,Charcoal,pretreatment experiment - ABA sol. fraction  (Hoheria) ,NZRD,4961279,1429249,170.8151595,-45.48112127
Southern,Shag River Mouth,J43/2,"Shag River Mouth: Area SM/C: Dune. Square B4, Layer 7 - thin cultural layer of charcoal darkened sand. ",Wk2593,600,35,-27.1,Charcoal,pretreatment experiment - HNO3 insol. fraction  (Hoheria) ,NZRD,4961279,1429249,170.8151595,-45.48112127
Southern,Shag River Mouth,J43/2,"Shag River Mouth: Area SM/C: Dune. Square B4, Layer 7 - thin cultural layer of charcoal darkened sand. ",Wk2594,660,45,-27.5,Charcoal,pretreatment experiment - physically pretreated fraction (Hoheria) ,NZRD,4961279,1429249,170.8151595,-45.48112127
Southern,Shag River Mouth,J43/2,"Shag River Mouth: Area SM/C: Dune. Square B7-8, Layer 7 - a fairly thin cultural layer of charcoal darkened sand [ca 10cm thick]; quite rich in cultural material, several oven scoops on the north and west parts of the excavation. Sample from the northwest q ",NZ7755,646,47,-24.5,Charcoal,"Hoheria - 99%, Hebe - 1%",NZRD,4961279,1429249,170.8151595,-45.48112127
Southern,Shag River Mouth,J43/2,"Shag River Mouth: Area SM/C: Dune. Square D5, Layer 6 - clean sand matrix with sparsley distributed charcoal fragments and heat-broken stones. ",NZ7757,537,44,-26.4,Charcoal,Hoheria sp.,NZRD,4961279,1429249,170.8151595,-45.48112127
Southern,Shag River Mouth,J43/2,"Shag River Mouth: Area SM/C: Dune. Square E7, Layer 4 - cultural deposit dominated by dense, thick, shell midden [mainly cockle], which filled a large natural depression. Sample from the western periphery of the depression. ",NZ7761,600,50,-26,Charcoal,"Hoheria - 37%, Pittosporum - 23%, Coprosma - 20%, Myrsine australis - 10%, Pseudopanax - 7%, P. eugenioides - 3%",NZRD,4961279,1429249,170.8151595,-45.48112127
Southern,Shag River Mouth,J43/2,"Shag River Mouth: Area SM/C: Dune. Square F3-4, Layer 2 - charcoal blackened sand rich in cultural material. Sample from near the northern margin of oven F:211 and nearby.",NZ7758,580,47,-26.9,Charcoal,"Hoheria - 80%, Olearia - 15%, Pseudopanax - 2%, Coprosma - 2% ",NZRD,4961279,1429249,170.8151595,-45.48112127
Southern,Shag River Mouth,J43/2,"Shag River Mouth: Area SM/C: Swamp. Square Z3, Layer 2 - dense black sand with artifacts, most noteably stone flakes. ",NZ7762,647,47,-27.7,Charcoal,Hoheria sp.,NZRD,4961279,1429249,170.8151595,-45.48112127
Southern,Shag River Mouth,J43/2,"Shag River Mouth: Area SM/D: 2. Square A5, Layer 4 - dark sand with blades, worked bone, charcoal patches and one posthole. ",NZ7763,592,48,-28.3,Charcoal,"Hoheria - 50%, Pseudopanax arboreus - 17%, Pittosporum - 17%, Coprosma - 16%",NZRD,4961279,1429249,170.8151595,-45.48112127
Southern,Flock Hill,L34/2,Twig associated with prehistoric backpack,NZ7466,468,66,-27.7,Wood,Coprosma sp. (twigs),Trotter 1988,5216676,1501420,171.7866904,-43.19625972
Central,Birdlings Flat,M37/161,,Wk27973,662,36,,Charcoal, Dodonea viscose and Leucopogon fasciculatus,Trotter 2010,5147716,1576416,172.7067095,-43.82325262
Northern,Houhora,N03/323,"OvenL5, Square 1A, Layer 3c. ",NZ6581,430,32,-25.36,Charcoal,Beilschmiedia tarairi - dominant; Kunzea ericoides - subdominant,NZRD,6149725,1602064,173.0225626,-34.79468474
Northern,Houhora,N03/455,"Square E-F 20-21, Feature k, Layer 3",NZ6608,482,40,-24.54,Charcoal,Beilschmiedia tarairi - dominant; Leptospermum scoparium - minor; unidentified,NZRD,6151822,1601658,173.0181202,-34.77577524
Northern,Mt Camel,N03/59,"Square A7, Layer 3",NZA2438,727,86,-25.2,Charcoal,Pittosporum sp. [possibly tenuifolium] - 6pc; Coprosma sp. - 5pc; Hebe sp. - 2pc; Brachyglottis repanda - 1pc,NZRD,6146463,1614567,173.1592951,-34.82399837
Northern,Mt Camel,N03/59,"Square C7, Layers 2b and 3",NZA2437,774,87,-26.3,Charcoal,"Olearia sp. - 1pc; Beilschmiedia taraire - 1pc; Pseudopanax sp. [possibly arboreus] - 1pc, Leptospermum scoparium - 1pc",NZRD,6146463,1614567,173.1592951,-34.82399837
Northern,Mt Camel,N03/59,Layer 3,NZA2436,632,86,-26.2,Charcoal,"Dodonaea viscosa - 2pc; Pittosporum sp. - 1pc; Leptospermum scoparium - 1pc, Beilschmiedia taraire - 1pc",NZRD,6146463,1614567,173.1592951,-34.82399837
Northern,Mt Camel,N03/59,Archaic SiteLayer junction of 2 and 3,NZ7921,300,54,-26,Charcoal,Cassinia retorta - 5pc; Plagianthus betulinus - 3pc; Leptospermum scoparium - 3pc; Olearia sp. - 2pc; Melicytus ramiflorus - 1pc,NZRD,6146463,1614567,173.1592951,-34.82399837
Northern,Reef Point,N05/301,Deflated archaic working floor,Wk2100,400,50,-26.1,Wood,"Metrosideros excelsa, Cassinia retorta, Myoporum laetum, Myrsine australis, Prumnopitys taxifolia",NZRD,6105259,1605289,173.0580992,-35.19564277
Northern,Tauroa Point,N05/302a,"Layer IV, F88",Wk13534,746,39,-25.9,Charcoal,Leptospermum ericoides,Allen et al. 2005,6105260,1605390,173.0592087,-35.19563322
Northern,Tauroa Point,N05/302b,"Layer I, F111",Wk13536,183,36,-25.4,Charcoal,Leptospermum ericoides,Allen et al. 2005,6105260,1605390,173.0592087,-35.19563322
Northern,Tauroa Point,N05/302b,"Layer I, F83",Wk13535,218,37,-25.5,Charcoal,Short lived species,Allen et al. 2005,6105260,1605390,173.0592087,-35.19563322
Northern,Tauroa Point,N05/302b,"Layer I, F61",Wk13533,239,37,-25.1,Charcoal,"Leptospermum ericoides, Cassinia sp.",Allen et al. 2005,6105260,1605390,173.0592087,-35.19563322
Northern,Tauroa Point,N05/302b,"Layer I, F86",Wk13537,178,39,-24.8,Charcoal,Leptospermum ericoides,Allen et al. 2005,6105260,1605390,173.0592087,-35.19563322
Northern,Tauroa Point,N05/315a,"Layer VI, F87",Wk13538,339,33,-25.8,Charcoal,Leptospermum ericoides,Allen et al. 2005,6104961,1605790,173.0636048,-35.19832711
Northern,Tauroa Point,N05/315b,"E-W trench F13, Layer IV",Wk13531,383,40,-25.6,Charcoal,Cassinia sp.,Allen et al. 2005,6104961,1605790,173.0636048,-35.19832711
Northern,Tauroa Point,N05/315b,"E-W trench F6, Layer IV",Wk13530,356,38,-25.2,Charcoal,Leptospermum ericoides,Allen et al. 2005,6104961,1605790,173.0636048,-35.19832711
Central,Awaroa Inlet,N26/18,L2b sample from spit 4,WK1827,430,60,-28.4,Charcoal,"Melicytus ramiflorus, Myrsine australis, Coprosma sp. Dodonaea viscose",NZRD,5476581,1601714,173.0203377,-40.86182762
Central,Awaroa Inlet,N26/18,"L1ii, column sample spit 3",WK2094,460,50,-26.4,Charcoal,"Melicytus ramiflorus, Myrsine australis, Coprosma sp. Dodonaea viscose",NZRD,5476581,1601714,173.0203377,-40.86182762
Central,Waimea Garden Soils,N27/122,Borrow pit,WK1776,360,50,-26.1,Charcoal,"Matai, Prumnoptys taxifolia",NZRD,5427198,1609810,173.1171895,-41.3066171
Northern,Oruru Valley,O04/252,Layer 6,NZ7338,330,55,-30,Charcoal,"Cyathea dealbata - 95%, Podocarpus sp. bark - 5%",NZRD,6123465,1646516,173.5099416,-35.03041678
Northern,Oruru Valley,O04/252,Layer 4,NZ7334,410,55,-23.9,Charcoal,Leptospermum scoparium,NZRD,6123465,1646516,173.5099416,-35.03041678
Northern,Oruru Valley,O04/252,Sample of wood from a pit structure,NZ7342,360,55,-26.8,Charcoal,Metrosideros sp.,NZRD,6123464,1646516,173.5099417,-35.03042579
Northern,Oruru Valley,O04/253,Layer 6  ,NZ7335,410,55,-28.2,Charcoal,Beilschmiedia tarairi,NZRD,6123264,1646417,173.5088676,-35.03223376
Northern,Waipoua Forest,O06/170,Pit and terrace site,Wk1087,360,50,-22.3,Charcoal,"Ackama rosifolia, Metrosideros robusta, Brachyglottis repanda, Carpodetus serratus, Cyathea dealbata",NZRD,6055602,1646897,173.5180084,-35.64229084
Northern,Waipoua Forest,O06/171,Pit and terrace site,Wk1084,570,105,-21.3,Charcoal,"Myrsine sp., Brachyglottis repanda, Dodonaea viscosa, Ackama rosifolia, Coprosma sp., Olearia sp.",NZRD,6055801,1646796,173.5168813,-35.64050143
Northern,Waipoua Forest,O06/249,House terrace with hangi,Wk1085,460,50,-26.4,Charcoal,"Knightia excelsa, Elaeocarpus dentatus, Prumnopitys taxifolia, Vitex lucens, Dysoxylum spectabile, Beilschmeidia tarari, Dodonae viscosa, Melicytus ramiflorus, Brachyglottis repanda, Scheffliera digitata, Pseudopanax arboreus",NZRD,6055801,1646697,173.5157878,-35.64050611
Northern,Motutoa,O06/307a,"Pit 11, Sample from base of feature dug into th fill of Pit 11",NZA0514,156,93,-25.68,Charcoal,Fern sp.,NZRD/Fredericksen 1990,6072772,1639556,173.436085,-35.48780179
Northern,Motutoa,O06/307b,"Pit 11, Sample from the surface of the pit floor",NZA0538,304,75,-33.41,Charcoal,Fern sp.,NZRD/Fredericksen 1990,6072772,1639556,173.436085,-35.48780179
Northern,Kaikohe,P05/0,Hangi Pit,NZ7451,191,64,-25.6,Charcoal,"Schefflera digitata - 90%, Fern sp - 10%",NZRD,6085084,1684602,173.9313723,-35.3739854
Northern,Windus,P05/0,Area 1Layer 2 - hearth,NZ7337,250,50,-26.1,Charcoal,"Beilschmiedia tawa - 50%, Hebe sp. - 25%, Myrsine australis - 25%",NZRD,6085084,1684602,173.9313723,-35.3739854
Northern,Kaikohe,P05/0,"House siteArea II, sample from house wall",NZ7309,400,55,-28.8,Charcoal,"Cyathea dealbata - 40%, Podocarpus totara - 10%, Metrosideros sp. - 5%",NZRD,6085084,1684602,173.9313723,-35.3739854
Northern,Kaikohe,P05/0,"Trench 2, Layer 3",NZ7308,495,55,-26.7,Charcoal,"Knightia excelsa, Dysoxylum spectabile, Beilschmiedia taraire, Coprosma sp., Fern stems",NZRD,6085084,1684602,173.9313723,-35.3739854
Northern,Pouerua,P05/0,Area 1Layer 2 from under house wall,NZ7304,280,55,-29.9,Charcoal,Cyathea dealbata,NZRD,6085084,1684602,173.9313723,-35.3739854
Northern,Pouerua,P05/0,Area 1Sample from under house site,NZ7303,357,65,-30.1,Charcoal,Cyathea dealbata,NZRD,6085084,1684602,173.9313723,-35.3739854
Northern,Pouerua,P05/0,"Area 1, layer3 sample from scoop",NZ7247,250,50,-25.7,Charcoal,"Hebe sp. - 80%, Brachyglotis responda - 20%",NZRD,6085084,1684602,173.9313723,-35.3739854
Northern,Kaikohe,P05/0,Area ISample from the base of pit structure,NZ7450,230,64,-25.3,Charcoal,Pteridium aquilinium var. esculentum 99% - Vitex lucens 1 %,NZRD,6084087,1685504,173.9414055,-35.38289707
Northern,Pouerua,P05/195,"Area IIIQuad 2, Feature 2",NZ7341,250,50,-25.8,Charcoal,"Myrsine sp., Olearia sp., carbonised seeds sp.",NZRD,6085084,1684602,173.9313723,-35.3739854
Northern,Pouerua,P05/195,"Area IIIQuad 3, Layer 4",NZ7333,380,60,-26.6,Charcoal,"Cyathodes fasciculata, Hoheria sp., Dysoxylum spectible, Leptospermum sp.",NZRD,6085084,1684602,173.9313723,-35.3739854
Northern,Pouerua,P05/195,Layer 6 - occupation horizon 2,NZ7322,390,55,-27.5,Charcoal,"Myrsine sp. - 50%, Schefflera digitata - 30%, Coprosma sp. - 10%, unidentified shrub - 10%",NZRD,6085084,1684602,173.9313723,-35.3739854
Northern,Pouerua,P05/195,"Rim of Pouerua cone, feature 7",NZ7312,260,55,-27.9,Charcoal,"Schefflera digitata - 80%, Dysoxylum spectible - 5%, Beilschmiedia tawa - 10%, Coprosma sp. - 5%",NZRD,6085084,1684602,173.9313723,-35.3739854
Northern,Pouerua,P05/195,"Area IIQuad D, base of occupation",NZ7310,300,55,-26.6,Charcoal,"Schefflera digitata - 60%, Brachyglottis repanda - 15%, Coprosma sp. - 10%, Hebe sp. - 5%, Dysoxylum spectible - 5%",NZRD,6085084,1684602,173.9313723,-35.3739854
Northern,Pouerua,P05/195,"Layer 2, lens A",NZ7255,250,50,-26.9,Charcoal,"Hebe sp., Myrsine divaricata - co-dominant",NZRD,6085084,1684602,173.9313723,-35.3739854
Northern,"Pouerua, Gardens",P05/195,Area ASample from the base of garden soil,NZ7251,430,60,-26.4,Charcoal,"Schefflera digitata - 60%, Olearia sp., Litsea calicaris, Hebe sp., Vitex lucens, Dysoxylum spectabile, unidentifiable shrub",NZRD,6085084,1684602,173.9313723,-35.3739854
Northern,"Pouerua, Gardens",P05/195,Area AGarden soil - layer 3,NZ7249,250,50,-26.9,Charcoal,"Hebe sp. - 75%, Myrsine sp. [probably australis] - 20%, Leptospermum scoparium - 5%",NZRD,6085084,1684602,173.9313723,-35.3739854
Northern,Pouerua,P05/195,Layer 3 - sample from oven cut into layer 4,NZ6999,270,50,-26.4,Charcoal,"Geniostoma ligustrifolium - 55%, Broadleaf shrub - 40%, Dacrydium cupressinum/ Podocarpus totara/hallii gp. - 5%",NZRD,6085084,1684602,173.9313723,-35.3739854
Northern,Pouerua,P05/195,Last occupation of terrace,NZ6980,225,36,-26.7,Charcoal,"Hebe sp. - 85%, Brachyglottis repanda - 15%, Coprosma sp., Olearia sp., Hoheria sp.",NZRD,6085084,1684602,173.9313723,-35.3739854
Northern,"Haratua's Pa, Pouerua",P05/228,Area ISample from first occupation,NZ6967,363,37,-25.3,Charcoal,Elaeocarpus dentatus and/or Elaeocarpus hookerianus,NZRD,6085890,1686799,173.9554702,-35.36652997
Northern,Field School Pa,P05/371,"Area VIITerrace 5, Feature 1",NZ7339,735,60,-25.6,Charcoal,"Vitex lucens - 1pc, fern [probably Pteridium aquilinium var. esculentum] - 10-20pc",NZRD,6084581,1683304,173.9171357,-35.3786296
Northern,Field School Pa,P05/371,"Area VIITerrace 5, Feature 1",NZ7311,250,50,-26.6,Charcoal,"Beilschmiedia taraire - 2pc; Myrsine sp. [probably australis] - 1pc; Pseudopanax crasifolius - 5pc; Schefflera digitata - 2pc, Hebe sp. - 3pc; gynomsperm twig - 1pc, Dysoxylum spectabile - 6pc",NZRD,6084581,1683304,173.9171357,-35.3786296
Northern,Kaikohe,P05/402,Area IISample from the base of stone retaining wall,NZ7254,250,50,-25.83,Charcoal,"Leptospermum scoparium/ Kunzea ericoides - 90%, Cyathea dealbata, Carpodetus serratus, ? gymnosperm",NZRD,6083787,1685405,173.940347,-35.38561025
Northern,Kaikohe,P05/402,Area IVPit,NZ7250,330,60,-26.8,Charcoal,Pteridophyte [probably Leptospermum scoparium)],NZRD,6083787,1685405,173.940347,-35.38561025
Northern,Cattleyards Pa,P05/408,Area IIISample from wall of pit,NZ7330,407,60,-27.54,Charcoal,"Leptospermum sp., unidentified anglosperm",NZRD,6085287,1685701,173.9434483,-35.37206137
Northern,Wairoa Bay,P05/854,"Test Pit 1, Feature 1",Wk 12418,454,43,-22.5,Charcoal,"Leptospermum sp., Brachyglottis sp., Pseudopanax arboreus and Coprosma sp.",Best 2003,6106712,1698339,174.079987,-35.17773972
Northern,Wairoa Bay,P05/854,"Test Pit 2, Feature 3",Wk 12419,213,51,-26.1,Charcoal,"Hebe sp., Coprosma, Pseudopanax ",Best 2003,6106712,1698339,174.079987,-35.17773972
Central,Tataraimaka,P19/221,Concentrated lense of charcoal with occasional oven stones. ,NZ6552,480,33,-24.92,Charcoal,"Pseudopanax sp., Shefflera digitata, Hedycanya arborea minor; Paratropis sp. Macropiper exedsum",NZRD,5666536,1676325,173.8832587,-39.14702742
Central,Tataraimaka,P19/221,Exposue on side of track cut inot ridge,NZ6555,203,32,-24.84,Charcoal,Pseudopanax sp. Corynocarpus laevigatus; Paratrophis sp.,NZRD,5664937,1678025,173.9031136,-39.16128366
Central,Oakura,P19/26,Charcoal from infilling of defensice ditches,NZ6563,263,28,-26.22,Charcoal,Hebe sp.,NZRD,5669143,1686321,173.9985885,-39.12260495
Northern,Paihia Treatment Ponds,P05/958,Structure 107,Wk20300,242,35,-25.4,Charcoal,Leptospermum sp.,Mallows 2007a,6094934,1696982,174.0664752,-35.28405662
Northern,Paihia Treatment Ponds,P05/958,Structure 107,Wk20301,160,35,-24.7,Charcoal,Leptospermum sp.,Mallows 2007a,6094934,1696982,174.0664752,-35.28405662
Northern,Paihia Treatment Ponds,P05/958,Structure 107,Wk20302,212,35,-24.2,Charcoal,Leptospermum sp.,Mallows 2007a,6094934,1696982,174.0664752,-35.28405662
Central,Clarence Gardens,P30/36,Feature 17,Wk18813,160,37,-19.7,Charcoal,"Coprosma sp., Dodonaea viscosa and Mapau sp.",Habberfield-Short 2006a,5335324,1676202,173.9220003,-42.13049129
Central,Clarence Gardens,P30/36,Feature 16,Wk18814,283,33,-34.9,Charcoal,"Coprosma sp., Olearia sp., Melicytus sp.",Habberfield-Short 2006a,5335324,1676202,173.9220003,-42.13049129
Central,Clarence Gardens,P30/36,Feature 20,Wk18815,211,31,-25.9,Charcoal,"Hebe sp., Coprosma sp., Olearia sp. and Melicytus sp.",Habberfield-Short 2006a,5335324,1676202,173.9220003,-42.13049129
Central,Clarence Gardens,P30/36,Feature 12,Wk18816,140,39,-17.3,Charcoal,Pseudopanax sp.,Habberfield-Short 2006a,5335324,1676202,173.9220003,-42.13049129
Central,Clarence Gardens,P30/36,Feature 12,Wk18817,115,37,-14.2,Charcoal,Melicytus sp.,Habberfield-Short 2006a,5335324,1676202,173.9220003,-42.13049129
Central,Clarence Gardens,P30/36,Feature 12,Wk18818,176,42,-21.7,Charcoal,Melicytus sp. and Myoporum sp.,Habberfield-Short 2006a,5335324,1676202,173.9220003,-42.13049129
Central,Clarence Gardens,P30/36,Feature 1,Wk18819,215,39,-26.4,Charcoal,"Melicytus sp., Olearia sp. and Pseudopanax arboreus",Habberfield-Short 2006a,5335324,1676202,173.9220003,-42.13049129
Central,Clarence Gardens,P30/36,Feature 11,Wk18823,156,33,-19.3,Charcoal,"Coriaria sp., Lancewood and Myoporum sp.",Habberfield-Short 2006a,5335324,1676202,173.9220003,-42.13049129
Central,Clarence Gardens,P30/36,Feature 11,Wk18824,295,43,-36,Charcoal,Hebe sp. And Myoparum sp.,Habberfield-Short 2006a,5335324,1676202,173.9220003,-42.13049129
Central,Clarence Gardens,P30/36,Feature 11,Wk18825,213,33,-26.2,Charcoal,Hebe sp. And Pseudopanax arboreus,Habberfield-Short 2006a,5335324,1676202,173.9220003,-42.13049129
Central,Clarence Gardens,P30/36,Feature 13,Wk18812,214,32,-23.5,Charcoal,"Olearia sp., Myoporum sp., Melicytus sp. and Kanuka sp.",Habberfield-Short 2006a,5335621,1676194,173.9218647,-42.12781749
Central,Clarence stone row,P30/5,Top surface of Maori plaggen,NZ3113,382,59,-25.4,Charcoal,Coprosma sp. Hebe sp. Podocarpus spicatus,NZRD,5423095,1676689,173.9165831,-41.33998561
Central,Clarence Gardens,P30/38,Feature 1,Wk18820,229,35,-28.1,Charcoal,Hebe sp. And Myoporum sp.,Habberfield-Short 2006a,5335324,1676202,173.9220003,-42.13049129
Central,Clarence Gardens,P30/38,Feature 14,Wk18811,190,38,-23.4,Charcoal,Melicytus sp.,Habberfield-Short 2006a,5335621,1676194,173.9218647,-42.12781749
Northern,"Pouto , Kaipara",Q09/237,"Western defences. Sample from layer C - sandy layer with cultural material, showing signs of topsoil development.",NZ6551,174,28,-26.01,Charcoal,Leptospermum sp. [probably ericoides],NZRD,5976801,1702613,174.1435584,-36.34839812
Northern,Jock's Knob,Q09/261,"Sample from a lens at the top of a pit fill, lying below a defensive bank.",NZ6550,456,33,-25.25,Charcoal,"Leptospermum sp., Pseudopanax sp., Coprosma sp.",NZRD,5979625,1702876,174.1461158,-36.32291555
Northern,Jock's Knob,Q09/261,Sample from a charcoal rich lens in an oven which immediatly post dates the building of the bank,NZ6584,230,50,-25.98,Charcoal,Ptenidium esculentum - dominant; Coriaria arborea - minor; Unidentified - trace,NZRD,5979625,1702876,174.1461158,-36.32291555
Northern,Matauriki Pa,Q09/262,Western ditch and bank defence. Sample from the bottom of the first period of bank construction,NZ6512,106,41,-25.03,Charcoal,Leptospermum scoparium,NZRD,5979578,1705250,174.1725654,-36.32308269
Northern,Waller Excavation,Q09/429,"Area 1/44 - 4 terraces, 3 pits, midden. Sample is from a small house post at the back of a terrace in layer 4.",NZ7581,339,48,-26.92,Charcoal,Beilschmiedia tarairi,NZRD,5956177,1713369,174.2664196,-36.5330767
Northern,Mt Tikorangi,Q07/1284,Ditch 3,Wk29070,170,30,-24.7,Charcoal,Leptospermum sp.,Johnson and Callaghan 2011,6037074,1717963,174.3055747,-35.8033701
Northern,Mt Tikorangi,Q07/1284,Between Ditch 3 and 7,Wk29071,135,30,-24,Charcoal,Leptospermum sp.,Johnson and Callaghan 2011,6037074,1717963,174.3055747,-35.8033701
Northern,Waipu South 515,Q08/515,Feature 1,Wk20429,414,36,-28.8,Charcoal,Short lived species,"Baquie et al., 2007",6009862,1732959,174.4760507,-36.04671704
Central,Kuwhatahi,Q18/87,H4,Wk9189,240,50,-26.1,Charcoal,Hebe sp. Coprosma sp.,Talyor 2001,5707782,1739181,174.6020532,-38.76770809
Central,Pohukura,Q19/00,Feature 1029,Wk24674,275,35,-28,Charcoal,Melicytus sp.,Gibb 2011,5683458,1709757,174.2673403,-38.99100289
Central,Pohukura,Q19/00,Feature 171,Wk24675,179,30,-25,Charcoal,Pteridium sp.,Gibb 2011,5683458,1709757,174.2673403,-38.99100289
Central,Pohukura,Q19/00,Feature 2011,Wk24676,354,31,-25.8,Charcoal,"Pseudopanax sp., Coprosma sp.",Gibb 2011,5683458,1709757,174.2673403,-38.99100289
Central,Pohukura,Q19/00,Feature 890,Wk24677,261,35,-26.4,Charcoal,"Pseudopanax arboreus, Coriaria sp., Melicytus sp.",Gibb 2011,5683458,1709757,174.2673403,-38.99100289
Central,Pohukura,Q19/00,Feature 1930,Wk24678,549,35,-26.6,Charcoal,"Coprosma sp., Melicytus sp.",Gibb 2011,5683458,1709757,174.2673403,-38.99100289
Central,Johnston Site,Q22/77,"Area A, Sq G5, Stratum 2  sample from the firescoop",NZ7778,475,46,-26.1,Charcoal,"Melicytus ramiflorus, Pseudopanax arboreus",NZRD,5594582,1739058,174.6240164,-39.78735958
Central,Johnston Site,Q22/77,Shallow firescoop dug into the fill of a small bin-pit. Sample from the pit fill layer B4,NZ7779,126,46,-25.3,Charcoal,"Melicytus ramiflorus, Pseudopanax arboreus",NZRD,5594582,1739058,174.6240164,-39.78735958
Central,Johnston Site,Q22/77,"T21 section A-B. Sample from below the lake edge peat deposit, 500mm below the surface of the lake bed.",NZ7780,481,46,-26.8,Charcoal,Bracken (Pteridium aquilinum),NZRD,5594582,1739058,174.6240164,-39.78735958
Central,Johnston Site,Q22/77,"Area B, Sq R19 Feature 1",NZ7811,299,29,-26.6,Charcoal,Melicytus sp. Coprosma sp. Hebe sp.,NZRD,5594582,1739058,174.6240164,-39.78735958
Central,Johnston Site,Q22/78,"Area A, Sq D13, unit L",NZ7813,538,34,-26.4,Wood,"Maitai, Coprosma",NZRD,5594582,1739058,174.6240164,-39.78735958
Central,Te Ika-a-Maru,Q27/36,Layer 3,NZA2182,413,90,-25.7,Charcoal,"Coprosma sp. Olearia sp. Kunzea ericoides, Dysoxylum spectabile",NZRD,5432489,1739380,174.6634771,-41.24699834
Central,Tikorangi,Q19/352,Feature 4 ,Wk20585,189,39,-27.4,Charcoal,"Melicytus sp., Hebe sp.",Hawkins 2008a,5677888,1710553,174.2774321,-39.04108333
Central,Tikorangi,Q19/354,Feature 35,Wk20587,189,39,-25.4,Charcoal,Pteridium sp.,Hawkins 2008a,5677878,1709942,174.2703753,-39.04125052
Central,Tikorangi,Q19/354,Feature 38,Wk20588,212,35,-25.4,Charcoal,Pteridium sp.,Hawkins 2008a,5678621,1709170,174.2613378,-39.03465356
Central,Tikorangi,Q19/357,Feature 76,Wk20589,187,36,-25.9,Charcoal,Hebe sp.,Hawkins 2008a,5678462,1709265,174.2624607,-39.03607414
Northern,Maugarei (Mt Wellington),R11/12,A layer of shell midden and charcoal just above the old ground surface at the top of the crater scarp.,NZ8127,391,44,-26.7,Charcoal,Melicytus ramiflorus,NZRD,5915317,1764375,174.8447551,-36.89382451
Northern,Maugarei (Mt Wellington),R11/12,"Square M-9, layer 3. Sample from a depression in the garden of a flat area on the western side of the mountain, adjacent to a large oven.",NZA0827,233,106,-25.7,Charcoal,Melicytus ramiflorus,NZRD,5915317,1764375,174.8447551,-36.89382451
Northern,Maungarei (Mt Welington),R11/12,"Square M-9, layer 3. Sample from a depression in the garden of a flat area on the western side of the mountain, adjacent to a large oven.",NZA1618,403,49,-26.7,Charcoal,Melicytus ramiflorus,NZRD,5915317,1764375,174.8447551,-36.89382451
Northern,Maungarei (Mt Welington),R11/12,"Square M-9, layer 3. Sample from a depression in the garden of a flat green area on the western side of the mountain, adjacent to a large oven.",NZA1619,383,54,-26.4,Charcoal,Melicytus ramiflorus,NZRD,5915317,1764375,174.8447551,-36.89382451
Northern,"Mutukaroa, Hamlin's Hill",R11/142,Pit KSample from a charcoal-rich layer just above the floor in the fill of the pit.,NZ5962,411,76,-25.9,Charcoal,"Coprosma sp. - dominant; Metrosideros sp., Podoarpus sp. - minor",NZRD,5912215,1763381,174.834274,-36.92194599
Central,Tikorangi,Q19/359,Feature 84,Wk20590,213,34,-26.8,Charcoal,Hebe sp.,Hawkins 2008a,5679163,1709035,174.2596917,-39.02978747
Central,Tikorangi,Q19/359,Feature 93,Wk20591,191,34,-24.9,Charcoal,"Coriaria sp., Hebe sp. ",Hawkins 2008a,5679163,1709035,174.2596917,-39.02978747
Northern,Puketapapa Pa,R11/19,"Area IPit C, Layer 3. Sample from the bottom of the pit, associated with a human burial",NZ4471,305,56,-25.4,Charcoal,"Coprosma sp. - 80%, Hebe sp. - 20%",NZRD,5913410,1754699,174.7365991,-36.91264353
Northern,Puketapapa Pa,R11/19,"Area Inear Pit C, layer 2 - stone edged hearth on level ground.",NZ4472a,288,45,-25.6,Charcoal,"Coprosma sp. - 46%, Leptospermum sp. [probably scoparium] - 42%, Hebe sp. - 12%",NZRD,5913410,1754699,174.7365991,-36.91264353
Central,Taranaki Kainga,Q19/66,Feature 6,Wk30542,196,35,-25.2,Charcoal,"Coriaria sp., Hebe sp., Coprosma sp.",Bader 2011,5684060,1712504,174.2989527,-38.98523064
Northern,Station Bay Pa - Motutapu,R10/26,"Buried bracken fronds forming a distinct layer in the base of kumera pit dug into natural clay and deliberatly filled with clay-derived material, adjacent to a pit containing a human burial",NZ4349,35,66,-23.6,Charcoal,Pteridium aquilinum ,Davidson 1972,5931633,1772441,174.9315339,-36.74538492
Northern,Whangaparoa,R10/80,B2/58,Wk20432,378,36,-26.1,Charcoal,Short lived species,Bickler et al. 2008,5945498,1770361,174.9051628,-36.62083839
Northern,Clevedon Pa,R11/108,"Layer 2, Area 1, Square 3-4, Layer 4",Wk2756,320,50,-25.6,Charcoal,"Melicytus ramiflorus, Olearia sp., Pittosporum sp. [eugenioides?], Coprosma sp., Pseudopanax arboreus, Auicennia resinifera, Pseudopanax crassifolius",Young 2010,5922409,1760660,174.80158,-36.8305643
Northern,Clevedon Pa,R11/108,"Layer 3, Area 1, Square 5-6, Layer 2",Wk2757,360,50,-26.1,Charcoal,"Olearia sp., Coprosma sp., Leptospermum scoparium, Metrosideros excelsa/Kunzea ericoides, Beilschmeidia tarairi",Young 2010,5922409,1760660,174.80158,-36.8305643
Northern,Wiri Railway Site,R11/1188,"Area 1025 - constructed mound on lava flow spur. Sample from layer 1B, 50cm below the surface.",NZ7019,372,60,-25.54,Charcoal,Myrsine australis,Baquie and Lawlor 1995/Database,5903019,1765099,174.8555631,-37.0045003
Northern,"Tamaki River, Waipuna",R11/1436,Area C - Feature 4 - sample of slabs from a burnt storehouse.,Wk5057,590,50,-27.3,Charcoal,Cyathean dealbata,Clough and Turner 1998,5913018,1764979,174.8520312,-36.91443275
Northern,Puhinui,R11/25,"Area D, Square v/19, Subsquare 10/1. Sample is from the base of a brown loam agricultural soil which was dumped on top of a yellow-brown scoriaceous loam base.",NZ5167,566,85,-25,Charcoal,Leptospermum sp. ,Baquie and Lawlor 1995/Database,5902027,1764061,174.8441184,-37.01361975
Northern,Puhinui,R11/25,"Area A, Square v/12, Subsquare 6/6. Sample from the base of a stratified midden deposit.",NZ5170,352,56,-26.6,Charcoal,Hebe sp. - dominant; Melicytus sp. [probably ramiflorus] - trace,Baquie and Lawlor 1995/Database,5902027,1764061,174.8441184,-37.01361975
Northern,Westfield,R11/898,Area A pit 4from base of pit,Wk2030,340,45,-30.1,Charcoal,Cyathea medullaris,NZRD,5911717,1764482,174.8467373,-36.92624141
Northern,Waikorea Beach,R14/55,W1 wind deflated scatter,Wk1899,560,40,-25.7,Charcoal,"Pennantia corymbosa - dominant; shrub sp., unidentified",NZRD,5814014,1762852,174.849938,-37.80675176
Northern,Kaiwaka Point Pa,R15/255,Layer I - shell midden,NZ6272,268,81,-24.99,Charcoal,"Leptospermum scoparium - dominant; Lophomyrtus obaordata, Coprosma sp., unidentified - minor",NZRD,5783914,1764495,174.8754736,-38.07760304
Northern,Kaiwaka Point Pa,R15/255,"Feature B, Layer II",NZ6273,322,81,-24.99,Charcoal,"Leptospermum scoparium - dominant; Lophomyrtus obaordata, Coprosma sp., Pseudopanax sp. - minor",NZRD,5783914,1764495,174.8754736,-38.07760304
Northern,Taharoa,R16/10,"Area E, Pit E2",NZ5237,397,55,25.8,Charcoal,"Hebe sp., Coprosma sp., Leptospermum sp., Myoporum laetum , Melicytus sp.; Podocarpus totara/hallii - trace",NZRD,5773294,1749808,174.7103246,-38.1758279
Central,Whitireia,R26/115,"Pit fill, containing fragments of burnt bracken ferm",NZ2696,75,32,-24.2,Charcoal,Pteridium esculentum,NZRD,5449256,1754980,174.8453305,-41.09320053
Central,Mana Island,R26/141,Layer 2,NZ7887,556,71,-26.5,Charcoal,"Kunzea ericoides, Melicytus ramiflorus Coprosma sp.",NZRD,5449286,1749850,174.7842696,-41.09389235
Central,Mana Island,R26/141,Layer 2,NZ7888,588,72,-25.3,Charcoal,"Schefflera digitata, Carpodetus serratus, Pseudopanax arboreus, Macropiper excelsa, Melicytus ramiflorus, Hoheria sp., Coprosma sp., Hebe sp., Olearia sp.",NZRD,5449286,1749850,174.7842696,-41.09389235
Central,Mana Island,R26/141,Single shallow cultural deposit at southern end of site,NZ7890,556,89,-25.4,Charcoal,"Macropiper excelsus, Coprosma sp., Pseudopanax arboreus, Olearia sp., Melicytus ramiflorus, Hebe sp., Pittosporum eugenoides",NZRD,5449286,1749780,174.7834365,-41.09390525
Central,Mana Island,R26/141,Single shallow cultural deposit at southern end of site,NZ7891,434,65,-24.9,Charcoal,"Coprosma sp., Olearis sp.",NZRD,5449286,1749780,174.7834365,-41.09390525
Northern,Kay Road,S14/204,Modified soil,Wk2705,310,150,-27.4,Charcoal,Beilschmeidia tawa - 6 pieces of twig and 10 pieces of tawa,NZRD,5816072,1800855,175.2807831,-37.78064961
Northern,Broomfields Road,R11/330,,Wk19194,419,32,-24.6,Charcoal,Short lived,Phillips 2006,5912036,1774080,174.954371,-36.9216435
Northern,Mangakaware 3,S15/18,"Trench E, house 1",NZ1125,286,83,-25,Wood,Punga,NZRD,5799215,1795000,175.2188924,-37.9337377
Northern,Crater Hill,R11/602a,The earliest layer.,WK2023,320,45,-27.4,Charcoal,"Hebe sp. - 95%, unspecified - 5% - twigs",Baquie and Lawlor 1995/Database,5905013,1761995,174.8202647,-36.98707481
Northern,Crater Hill,R11/602b,The later layer. ,Wk2024,330,45,-25.8,Charcoal,"Hebe sp. - 90%, Pseudopanax sp. - 10% - twigs",Baquie and Lawlor 1995/Database,5905013,1761995,174.8202647,-36.98707481
Northern,Manukau Harbour,R11/859,Area B Feature 3549,Wk27373,403,30,-24.8,Charcoal,Coprosmas sp.,Campbell 2011,5903527,1756420,174.7579565,-37.00140785
Central,Himatangi Beach ,S24/26,Deflated dune midden,NZ6267,456,55,-25.6,Charcoal,"Shefflera digitata dominant; Vitex lucens, Podocarpus totara group minor",NZRD,5527091,1789181,175.2287669,-40.38531014
Northern,Manukau Harbour,R11/859,Area E Feautre 594,Wk28701,426,35,-23.2,Charcoal,Mangrove,Campbell 2011,5903527,1756420,174.7579565,-37.00140785
Northern,Manukau Harbour,R11/859,Area A Featuer 2837,Wk28702,246,36,-26.1,Charcoal,"Coriaria sp., Hebe sp., Coprosma sp., Leptospermum sp.",Campbell 2011,5903527,1756420,174.7579565,-37.00140785
Northern,Hahei,T11/326,IXVIII 2&4 firepit in layer 3,NZ4950,300,45,-26.5,Charcoal,"Melicytus ramiflorus, Hebe sp. - codominant; Agathis australis - subdominant; Pittosporum sp. - minor",NZRD,5918897,1850742,175.8119775,-36.84260124
Northern,Hahei,T11/326,IXVIII 2&4 firepit in layer 3,NZ4951,556,61,-25.4,Charcoal,"Pittosporum sp, Melicytus ramiflorus - codominant; Agathis australis - minor; Pseudopanax colensoi/arboreus group - rare",NZRD,5918897,1850742,175.8119775,-36.84260124
Northern,Hahei,T11/326,LXVI - 2 and LXVII - 1 from a firescoop in layer 3-4,NZ4952,549,59,-25,Charcoal,"Melicytus ramiflorus - dominant; Melicope sp., Hebe sp., Agathis australis, Podocarpus totara/hallii - codominant; unidentified dicot, Metrosideros sp. - minor",NZRD,5918897,1850742,175.8119775,-36.84260124
Northern,Hahei,T11/326,JXIII - firepit in layer 3,NZ4953,700,60,-25,Charcoal,"Podocarpus totara/hallii - dominant; Melicope sp. - subdominant; Metrosideros sp., Agathis australis, Melicytus ramiflorus, Pseudopanax colensoi/arboreus, fern, unidentified dicot - minor",NZRD,5918897,1850742,175.8119775,-36.84260124
Northern,Manukau Harbour,R11/859,Area I Feature 1937,Wk28705,377,30,-27.3,Charcoal,"Pteridium sp., Coriaria sp., Hebe sp.",Campbell 2011,5903527,1756420,174.7579565,-37.00140785
Northern,Horotiu,S14/222,Feature 4 - Layer 3,Wk28967,329,30,-22.8,Wood,Seeds,Hoffman 2011,5823837,1794266,175.2039384,-37.71213764
Northern,Horotiu,S14/222,Feature 2 - Layer 3,Wk28968,332,30,-22.4,Wood,Seeds,Hoffman 2011,5823837,1794266,175.2039384,-37.71213764
Northern,Puriri River 340,T12/340,phase IIPuriri River T12/340 D2: Area D2 - phase II midden. ,Wk2641,110,45,-25.3,Charcoal,Leptospermum ericoides - 10 pc; Hebe sp. - 5 pc; Quintinia serrata - 2 pc; Pseudopanax arboreus - 1 pc; Melicytus ramiflorus - 1 pc; Coprosma sp. - 1 pc; Olearia sp. - 1 pc,NZRD,5876258,1832612,175.6220344,-37.23119794
Northern,Cambridge Bypass,S15/66,Feature 4 ,Wk26296,223,33,-25.1,Charcoal,Pteridium sp.,Mallows 2009c,5803775,1819433,175.4952966,-37.8871083
Northern,Cambridge Bypass,S15/66,Feature 6,Wk26297,154,30,-26.9,Charcoal,Olearia sp.,Mallows 2009c,5803775,1819433,175.4952966,-37.8871083
Northern,Cambridge Bypass,S15/66,Feature 16,Wk26298,347,30,-27.6,Charcoal,Ripogonum sp. ,Mallows 2009c,5803775,1819433,175.4952966,-37.8871083
Northern,Great Mercury Island,T10/944a,Upper hangi,Wk25353,455,30,-24.2,Charcoal,Ngaio and pohutakawa twigs,Furey 2009,5945070,1849149,175.7856009,-36.60735716
Northern,Puriri River 882,T12/882,Phase IIPuriri River T12/882: Very large phase II midden lying directly on top of the natural clay. The midden averages 20cm thick and is associated with stake holes and a hearth.,Wk2640,110,55,-27.2,Charcoal,"bark of Leptospermum scoparium, Myrsine australis, Hebe sp.",NZRD,5876143,1831861,175.6136129,-37.23242055
Central,Okoropunga,T28/47,Palaeosol from underneath a stone row,NZ3114,337,79,-25.6,Charcoal,Coprosma sp. Hebe sp.,NZRD,5409073,1821373,175.6497691,-41.4394122
Central,Okoropunga ,T28/47,Under stone row,NZ3115,531,58,-25.6,Charcoal,"Coprosmas sp. Dominant, Podocarpus totara minor",NZRD,5408773,1820872,175.6438881,-41.44224951
Northern,Great Mercury Island,T10/944b,Hangi,Wk25354,149,30,-25.8,Charcoal,"Ngaio, coprosmam, manuka, five finger",Furey 2009,5945070,1849149,175.7856009,-36.60735716
Northern,Welcome Bay,U14/177,Umu-ti.,NZ6304,89,54,-25.7,Charcoal,Melicytus ramiflorus - dominant; Hebe sp. - minor; Leptospermum sp. - minor; unidentified - minor,NZRD,5818610,1887493,176.262341,-37.73467954
Northern,Whangamata waste water,T12/1243,Feature 20 - Oven,Wk22531,273,33,-23.8,Charcoal,Leptospermum scoparium,Mallows 2009,5878329,1853872,175.8607141,-37.20700716
Northern,Oruarangi Pa,T12/192,"Square 3 - northern edge of the site. Layer E - blue mud containing bracken, shell, wood and stone. ",NZ4179,277,40,-24.9,Charcoal,Pteridium sp.,Best 1980/NZRD,5878001,1829173,175.5827701,-37.21635409
Northern,Pukehue Pa,T12/299,"Area A, layer 2",Wk3038,160,45,-25,Charcoal,"Leptospermum scoparium, Hebe sp., Pseudopanax arboreus, Dracophyllum sp.",Allen et al. 1994,5880938,1828351,175.5726164,-37.19010797
Northern,Whetukura Pa,T12/345a,Layer 2,Wk2950,290,50,-26,Charcoal,"Dodonaea viscosa, Hebe sp., Leptospermum scoparium, Pseudopanax arboreus, Pseudopanax crassifolius, Lophomurtus bullata, Olearia sp., unidentified shrub",Allen et al. 1994,5880038,1828353,175.5729141,-37.19821201
Northern,Whetukura Pa,T12/345b,Layer 5,Wk2951,290,90,-25.4,Charcoal,"Pseudopanax arboreus, Pittosporum sp., Dracophyllum sp., unidentified shrub",Allen et al. 1994,5880038,1828353,175.5729141,-37.19821201
Northern,Hurumoimoi Pa,T12/347a,Sample from orginal land clearance,Wk2852,350,60,-26,Charcoal,Hebe sp. - 12 pc; Leptospermum scoparium - 7 pc; Pseudopanax arboreus - 5 pc; Pittosporum sp. - 4 pc; unidentified shrub,Allen et al. 1994,5880237,1828052,175.5694649,-37.19649359
Northern,Hurumoimoi Pa,T12/347b,Hangi from layer 3,Wk2853,70,54,-26,Charcoal,Olearia sp. - 9 pc; Avicennia resinifera - 5 pc; Leptospermum scoparium - 5 pc; Hoheria sp. - 3 pc; Dodonaea viscosa - 1 pc; unidentified shrub - 1 pc,Allen et al. 1994,5880237,1828052,175.5694649,-37.19649359
Northern,Ongarahu,U14/157,Pit fill under defensive bank,Wk31086,220,31,-27.2,Charcoal,"Coriaria sp., mapou, puriri twigs.",Furey 2011a,5828325,1868772,176.046606,-37.65292522
Northern,Papamoa Hills,U14/1810,"Area X, base of terrace",Wk14091,222,27,-24,Charcoal,Coriaria sp.,Gumbley 2004,5817191,1889017,176.2801727,-37.74696873
Northern,Papamoa Hills,U14/1810,"Area Y, base of ditch fill",Wk14092,195,30,-25.8,Charcoal,Short lived species,Gumbley 2004,5817191,1889017,176.2801727,-37.74696873
Northern,Oropi Road,U14/1945,"Trench 1, Hangi Feature. Sample 4",Wk13117,355,35,-28.9,Charcoal,Melicytus sp.  ,Campbell and Paihana 2003,5817261,1876747,176.1410852,-37.75013073
Northern,Papamoa Dune,U14/2897,Trench 11,Wk17613,138,39,-24.6,Charcoal,Leptospermum sp. Twig,Felgate 2006a,5824213,1886783,176.2520897,-37.68448197
Northern,Poplar Lane,U14/3081,Feature 15,Wk19481,296,31,-24,Charcoal,Pteridium sp. and Coriaria sp.,Gumbley 2007,5817511,1888696,176.2764079,-37.7441905
Northern,Rowesdale,U14/3218,Feature 32,Wk16952,447,32,-30.1,Charcoal,Melicytus sp. and Pseudopanax arboreus,Campbell 2005,5817183,1877709,176.1520186,-37.75054132
Northern,Motuwhetero,U16/83,Sample from palisade post,NZ1129,207,43,-25,Wood,Leptospermum sp.,NZRD,5772787,1896469,176.382904,-38.14410302
Northern,Kohika Swamp Pa,V15/80,Area B. Sample of palisade post,NZ6583,212,32,-24.96,Wood,Letospermum sp.,NZRD,5797463,1932868,176.7859932,-37.90950336
Northern,Kohika Swamp Pa,V15/80,"Area D, Square DD. Braken fern floor",NZ6619,190,39,-24.7,Wood,Pteridium esculentum,NZRD,5797463,1932868,176.7859932,-37.90950336
Northern,"Maruka 2, Kawerau",V16/211,"Terrace 4, Square K4",NZ5318,336,56,-28.1,Charcoal,Cyatha dealbata,NZRD,5778028,1922686,176.6791418,-38.08797452
Northern,"Maruka 2, Kawerau",V16/211,Trench 9 - sample from hangi,Wk1740,460,55,-29,Charcoal,Melicytus ramiflorus  ,NZRD,5778028,1922686,176.6791418,-38.08797452
Northern,Maruka  ,V16/219,Terrace 4 - sample taken from hangi,Wk1744,370,55,-25.5,Charcoal,Kunzia ericoides,NZRD,5776728,1923688,176.6911332,-38.09930871
Northern,Maruka  ,V16/219,Terrace 4 - sample from large storage pit,Wk1745,350,55,-29,Charcoal,Cyathea dealbata,NZRD,5776728,1923688,176.6911332,-38.09930871
Northern,Maruka  ,V16/220,Terrace 6. Sample from possible hangi,Wk1742,360,55,-26.4,Charcoal,"Hebe sp., Leptospermum scoparium",NZRD,5776728,1923488,176.6888569,-38.09938029
Northern,Maruka  ,V16/220,Terrace 6. Sample from possible hangi,Wk1743,520,80,-26.4,Charcoal,"Cyathea dealbata - 95%, Phyllocladus sp. - 5%",NZRD,5776728,1923488,176.6888569,-38.09938029
Northern,Maruka  ,V16/243,Trench 2 - sample from possible firescoop,Wk1741,400,55,-27.8,Charcoal,Hebe sp.,NZRD,5777328,1923287,176.6862977,-38.09405575
Central,Otatara Pa,V21/168,Sample from base of pit,NZA1351,414,63,-27.2,Charcoal,"Myrsine australis, Hebe sp., Alectryon excelsa",NZRD,5615176,1929191,176.8309369,-39.54997353
Central,Motukumara,V21/45,"Unit 1, palisade posts",Wk1962,220,50,-25.8,Charcoal,"Hoheria/Plagianthus sp., Hebe sp., Coprosma sp., Melicytus ramiflorus, Pseudopanax arboreus, unidentified scrub sp",NZRD,5613766,1922528,176.7542389,-39.56517948
Central,Kahotea,V22/119,Unit 2,Beta51319,360,70,-25.7,Charcoal,"Hebe sp., Pittosporum sp., Pseudopanax crassifolis, unidentified conifer, Podocarpus spicatus, Schleffera digitata, Myoporum laetum, unidentified shrub",NZRD,5581136,1912829,176.6570423,-39.86217659
Central,Tiromoana Pa,W21/1,"Site I, long house, sample from posthole F",NZ1912,118,83,-26.5,Wood,Pseudopanax sp.,NZRD,5603863,1942350,176.9895717,-39.64651683
Northern,Tolaga Bay,Y17/100,Pit 10-11 - lining of pit,NZ6562,564,51,-23.98,Charcoal,tree fern with some Pteriduem esculentum,NZRD,5746808,2058070,178.2377774,-38.30982943
Central,Mangaheia Homestead Pa,Y17/178,Sample from the base of oven,NZ7392,347,66,-27.1,Charcoal,gymnosperm,NZRD,5741589,2058256,178.2432796,-38.35657301
Central,Te Karaka Oven,Y17/459,Charcoal from oven,NZ7399,607,66,,Charcoal,Pseudopanax arboreus,NZRD,5729890,2026188,177.8847274,-38.47744634
Central,Iwinui Orchard Pa,Z17/221,Oven rakeout from outer bank,NZ7398,213,64,,Charcoal,"Leptospermum ericoides, Beilschmiedia tawa, Coprosma sp., Hebe sp., Cassinia sp., fern stem",NZRD,5741553,2060527,178.269186,-38.35573256
Northern,Iwinui Orchard Pa,Z17/221,Oven in firm yellow silt underlying outer bank of pa,NZ7394,134,64,-26,Charcoal,"Beilschmiedia tawa, Hebe sp., Myrsine australis",NZRD,5741529,2060541,178.2693612,-38.35594075
Northern,Omokoroa ,U14/712,Feature 11,Wk25349,283,30,-24.7,Charcoal,"Leptospermum sp., Olearis sp., Akeake",Furey 2011,5828654,1867653,176.0338175,-37.65029076
Northern,Paengaroa,U15/501,Pit 12,Wk19541,452,34,,Charcoal,Cyatha dealbata,Moore 2006a,5802155,1898808,176.3973193,-37.8791094
Northern,Paengaroa,U15/502,Pit 20,Wk19542,412,36,,Charcoal,Pteridium sp.   ,Moore 2006a,5802085,1898858,176.3979159,-37.87972281
Northern,Hamurana Road,U15/9,Trench 1,Wk16047,266,49,-26.8,Charcoal,Short lived species,Campbell and Phillips 2005,5785383,1886343,176.2624891,-38.03403268
Northern,Hamurana Road,U15/9,"Area D, Feature 4",Wk16049,242,34,-27.8,Charcoal,Short lived species,Campbell and Phillips 2005,5785383,1886343,176.2624891,-38.03403268
Northern,Hamurana Road,U15/9,"Area A, Feature 5",Wk16048,228,35,-29.8,Charcoal,Short lived species,Campbell and Phillips 2005,5785383,1886343,176.2624891,-38.03403268
Northern,Hamurana Road,U15/9,Trench 1,Wk16046,160,46,-27.2,Charcoal,Short lived species,Campbell and Phillips 2005,5785383,1886343,176.2624891,-38.03403268
Northern,Cooks Cove,Z17/311a,Layer 5a,Wk24846,361,35,-25.7,Charcoal,Short lived species,Walter et al 2011,5738514,2066293,178.3369036,-38.38002234
Northern,Cooks Cove,Z17/311a,Layer 5a,Wk24847,389,36,-26.6,Charcoal,Short lived species,Walter et al 2011,5738514,2066293,178.3369036,-38.38002234
Northern,Cooks Cove,Z17/311b,"Layer 3, Feature 1",Wk24844,80,35,-26,Charcoal,Short lived species,Walter et al 2011,5738514,2066293,178.3369036,-38.38002234
Northern,Cooks Cove,Z17/311b,"Layer 3, Feature 1",Wk24845,137,36,-26.1,Charcoal,Short lived species,Walter et al 2011,5738514,2066293,178.3369036,-38.38002234
Central,Epiha,Q19/396,Area 77- Ditch,Wk 39849,208,44,-24.9,Charcoal,Pteridium sp. ,Bader 2014,5680310,1711875,174.2923066,-39.01909522
Northern,Kawakawa Bay,S11/1083,"SS2, Feature 6 - fire scoop",Wk 40224,218,21,See Note 1,Charcoal,Short lived species,Baquie et al. 2015,5908755,1793359,175.171518,-36.94744166
Northern,Kawakawa Bay,S11/1083,"SS5, Area 10, Feature 9",Wk 40225,186,23,See Note 1,Charcoal,Short lived species,Baquie et al. 2015,5908755,1793359,175.171518,-36.94744166
Northern,Opito,T10/777,F12,Wk 37542,151,28,-25.6,Charcoal,Short lived species,Bicklet et a. 2014,5933960,1849075,175.7883826,-36.70741383
Northern,Opito,T10/777,F65,Wk 37543,390,20,-23.7,Charcoal,Hinau seed,Bicklet et a. 2014,5933960,1849075,175.7883826,-36.70741383
Northern,Opito,T10/777,F278,Wk 37545,375,20,-24.9,Charcoal,Coprosma sp.,Bicklet et a. 2014,5933960,1849075,175.7883826,-36.70741383
Northern,Opito,T10/777,F364,Wk 37547,367,23,-25.9,Charcoal,Seeds,Bicklet et a. 2014,5933960,1849075,175.7883826,-36.70741383
Northern,Opito,T10/777,F503,Wk 37548,254,29,-25.6,Charcoal,Short lived species,Bicklet et a. 2014,5933960,1849075,175.7883826,-36.70741383
Central,Mangahewa,Q19/400,F2,Wk 40222,254,21,-31.1,Charcoal,Short lived species,Bicklet et al. 2014a,5677153,1713322,174.3095422,-39.04735012
Central,Mangahewa,Q19/400,F4,Wk 40223,208,22,-25.6,Charcoal,Short lived species,Bicklet et al. 2014a,5677153,1713322,174.3095422,-39.04735012
Northern,Tauriko,U14/2351,"Pit 1, F60",Wk 33259,332,29,-29.6,Charcoal,"Supplejack, Mahoe, Coprosma sp., Tutu",Campbell and Harris 2012,5817364,1873015,176.0987455,-37.75032457
Northern,Te Tumu,V14/40,F1,Wk 37243,163,30,-25,Charcoal,"Hebe sp., Coprosma sp., Manuka, Dracohyllum",Campbell 2013,5816630,1900807,176.4140006,-37.74821833
Northern,Te Tumu,V14/40,F30,Wk 37245,207,32,-24.9,Charcoal,"Manuka, Putaputaweta, Pate, Ribbonwood",Campbell 2013,5816630,1900807,176.4140006,-37.74821833
Northern,Matahuru,S13/150,Fire scoop,Wk 33642,261,28,-24.7,Charcoal,Short lived species,Campbell and Harris 2013,5854977,1803603,175.3011398,-37.42965602
Northern,Mangatawhiri,S12/362,Fire scoop,Wk 33643,178,30,-26.3,Charcoal,Short lived species,Campbell and Harris 2013,5882295,1789950,175.1399463,-37.18648824
Northern,Waniwani Pa,T15/153,Feature 4,Wk 33644,281,25,-24.7,Charcoal,Karaka seeds,Campbell and Harris 2013,5789249,1831598,175.6381766,-38.01487939
Northern,Maungatatautari,T15/242,Fire scoop,Wk 33645,223,25,-24.8,Charcoal,Short lived species,Campbell and Harris 2013,5786250,1831657,175.6398175,-38.04186513
Northern,Thornton Road Pa,S15/66,Feature 10,Wk 37921,387,20,-29.6,Charcoal,Mahoe and Tawa twigs,Campbell and Hudson 2012,5803775,1819433,175.4952966,-37.8871083
Northern,Thornton Road Pa,S15/66,Feature 37,Wk 37922,381,20,-24,Charcoal,Tawa twigs,Campbell and Hudson 2012,5803775,1819433,175.4952966,-37.8871083
Northern,Swayne Road,S15/324,Feature 95,Wk 37923,95,26,-26,Charcoal,"Tawa twigs, matai twigs",Campbell and Hudson 2012,5805745,1817310,175.4705825,-37.86987821
Northern,Swayne Road,S15/324,Feature 118,Wk 37924,416,29,-27,Charcoal,Mahoe and tawa twiggs,Campbell and Hudson 2012,5805745,1817310,175.4705825,-37.86987821
Northern ,Tirau Road,T15/243,F361,Wk 43390,342,20,See Note 1,Charcoal,Pteridium sp.,Campbell et al. 2016,5802887,1819901,175.5008844,-37.89499137
Northern ,Thornton Road,S15/753,F271,Wk 43389,164,24,-25,Charcoal,Pteridium sp.,Campbell et al. 2016,5804214,1819088,175.4912435,-37.88323839
Northern ,Thornton Road,S15/753,F370,Wk 43391,211,19,-25.1,Charcoal,Pteridium sp.,Campbell et al. 2016,5804214,1819088,175.4912435,-37.88323839
Northern ,Tirau Road Sth,T15/346,F429,Wk 43393,113,26,-25.2,Charcoal,Pteridium sp.,Campbell et al. 2016,5802793,1819985,175.5018676,-37.89581749
Northern ,Tirau Road Sth,T15/346,F432,Wk 43394,259,26,-25.6,Charcoal,Pteridium sp.,Campbell et al. 2016,5802793,1819985,175.5018676,-37.89581749
Northern ,Tirau Road Sth,T15/346,F485,Wk 43395,129,20,See Note 1,Charcoal,Pteridium sp.,Campbell et al. 2016,5802793,1819985,175.5018676,-37.89581749
Northern ,Tirau Road Sth,T15/346,F487,Wk 43396,228,20,See Note 1,Charcoal,Pteridium sp.,Campbell et al. 2016,5802793,1819985,175.5018676,-37.89581749
Northern ,Swayne Road Nth,S15/480,F416,Wk 43392,352,20,See Note 1,Charcoal,Tawa twigs,Campbell et al. 2016,5805970,1817269,175.4700491,-37.86786193
Northern ,NIMT Bridge,S14/331,"F65, Firescoop",Wk 42821,218,20,See Note 1,Charcoal,"Tutu, Fivefinger, Olearia sp., Lancewood, Manuka, Porokaiwhiria, Mapou and Tawa twigs",Cruickshank et al. 2016,5787366,1802397,175.3063405,-38.03882836
Northern ,NIMT Bridge,S14/331,"F71, Firescoop",Wk 42822,182,20,See Note 1,Charcoal,"Coprosma sp., Mapou, Lancewood and Porokaiwhiria",Cruickshank et al. 2016,5787366,1802397,175.3063405,-38.03882836
Northern ,NIMT Bridge,S14/331,F129,Wk 42823,113,30,-31.6,Charcoal,"Kanuka, Hard Beech twigs",Cruickshank et al. 2016,5787366,1802397,175.3063405,-38.03882836
Northern ,NIMT Bridge,S14/331,"F74, Firescoop",Wk 42824,166,20,See Note 1,Charcoal,"Mapou, Hard Beech twigs",Cruickshank et al. 2016,5787366,1802397,175.3063405,-38.03882836
Northern ,Timberly Road,R11/2379,F36,Wk 40915,604,20,See Note 1,Charcoal,Knightia excels,Farley et al. 2015,5905156,1760047,174.7983555,-36.98611995
Northern ,Timberly Road,R11/2379,F92,Wk 40916,420,20,See Note 1,Charcoal,Prumnopitys taxifolia,Farley et al. 2015,5905156,1760047,174.7983555,-36.98611995
Northern ,Timberly Road,R11/2379,F129,Wk 40917,396,21,See Note 1,Charcoal,Vitex lucens,Farley et al. 2015,5905156,1760047,174.7983555,-36.98611995
Northern ,Horotiu Gardens,S14/194,"Area A, F36",Wk 35777,347,25,See Note 1,Charcoal,Tawa seeds,Gumbley and Hoffman 2013,5825445,1795000,175.2118293,-37.69749907
Northern ,Horotiu Gardens,S14/194,"Area B, F75",Wk 35778,210,25,-28,Charcoal,Hebe sp. ,Gumbley and Hoffman 2013,5825445,1795000,175.2118293,-37.69749907
Northern ,Horotiu Gardens,S14/195,"Tract C, F75",Wk 35780,425,25,-25.8,Charcoal,Tawa twigs,Gumbley and Hoffman 2013,5825980,1795150,175.2133862,-37.69264861
Northern ,Horotiu Gardens,S14/195,"Tract A, F44",Wk 35781,360,25,See Note 1,Charcoal,Tawa twigs,Gumbley and Hoffman 2013,5825980,1795150,175.2133862,-37.69264861
Northern ,Horotiu Gardens,S14/195,"Tract J, F102",Wk 35782,289,25,-25.4,Charcoal,Tawa seeds,Gumbley and Hoffman 2013,5825980,1795150,175.2133862,-37.69264861
Northern ,Horotiu Gardens,S14/195,"Tract K, F134",Wk 35783,314,25,-24.3,Charcoal,Tawa seeds,Gumbley and Hoffman 2013,5825980,1795150,175.2133862,-37.69264861
Northern ,Horotiu Gardens,S14/194,"Area A, F6",Wk 35971,271,25,-23.3,Charcoal,Tawa seeds,Gumbley and Hoffman 2013,5825445,1795000,175.2118293,-37.69749907
Northern ,Horotiu Gardens,S14/194,"Area B, F46",Wk 35972,230,25,-27.1,Charcoal,Hebe sp.,Gumbley and Hoffman 2013,5825445,1795000,175.2118293,-37.69749907
Northern ,Horotiu Gardens,S14/195,"Tract M, F46",Wk 35973,249,33,-24.6,Charcoal,Pteridium seeds,Gumbley and Hoffman 2013,5825980,1795150,175.2133862,-37.69264861
Northern ,Horotiu Gardens,S14/195,"Tract M, F23",Wk 35974,523,34,-27.9,Charcoal,Tawa twigs,Gumbley and Hoffman 2013,5825980,1795150,175.2133862,-37.69264861
Northern ,Horotiu Gardens,S14/195,"Tract M, F46",Wk 35975,285,33,-25,Charcoal,Pteridium sp.,Gumbley and Hoffman 2013,5825980,1795150,175.2133862,-37.69264861
Northern ,Horotiu Gardens,S14/195,"Tract M, F23",Wk 35976,505,26,-23,Charcoal,Tawa twigs,Gumbley and Hoffman 2013,5825980,1795150,175.2133862,-37.69264861
Northern ,Te Awa Cycleway,S15/669,F48,Wk 38945,392,27,See Note 1,Charcoal,Rewarewa stem,Gumbley and Hutchinson 2014,5803125,1815090,175.4461454,-37.89399769
Northern ,Te Awa Cycleway,S15/68,F2,Wk 38946,272,27,See Note 1,Charcoal,Hebe sp. Coprosma sp.,Gumbley and Hutchinson 2014,5803623,1814279,175.436782,-37.88970451
Northern ,Te Awa Cycleway,S15/68,F2,Wk 38947,274,25,See Note 1,Charcoal,"Hebe seed, Tawa branch",Gumbley and Hutchinson 2014,5803623,1814279,175.436782,-37.88970451
Northern ,Cabana Lodge,T12/3,F63,Wk 33850,635,28,-27.8,Charcoal,"Akeake, Mingimingi, Putaputaweta, Mahoe",Gumbley 2014,5879080,1855330,175.8768676,-37.19984834
Northern ,Wintrebre Lane,U14/3404,Oven feature,Wk 34905,341,25,-29.9,Charcoal,Mahoe,Harris 2012,5816086,1872206,176.0900544,-37.76206771
Northern ,Whakatane Hospital,W15/1196,Oven feature,Wk 37746,578,20,-27,Charcoal,Mahoe and Mingimingi ,Harris 2014,5790580,1949534,176.9784797,-37.96514443
Northern ,Briers Block,T11/51,"Pit, F4",Wk 33864,388,29,-28.9,Charcoal,Coprosma and Kanuka,Hoffman 2012,5922295,1822815,175.4980782,-36.81899309
Northern ,Briers Block,T11/51,"F8, firescoop",Wk 33865,416,30,-26.2,Charcoal,Kanuka ,Hoffman 2012,5922295,1822815,175.4980782,-36.81899309
Northern ,Briers Block,T11/50,Midden fill layer in pit,Wk 33867,193,26,-25.5,Charcoal,Seeds,Hoffman 2012,5922406,1822740,175.4972056,-36.81801107
Northern ,Briers Block,T11/50,F10b,Wk 33868,255,28,-27.8,Charcoal,Coprosma sp.,Hoffman 2012,5922406,1822740,175.4972056,-36.81801107
Northern ,Briers Block,T11/51,"F2, pit",Wk 33869,336,26,-25,Charcoal,Seeds,Hoffman 2012,5922295,1822815,175.4980782,-36.81899309
Northern ,Oponae Forest,W16/423a,"F8, Rua pit",Wk 37985,407,20,-27,Charcoal,Quintinia sp. Twigs,Hoffman 2014,5756085,1976110,177.2983874,-38.26455605
Northern ,Oponae Forest,W16/423b,"F10, firescoop",Wk 37987,140,20,-27,Charcoal,Hebe sp. ,Hoffman 2014,5756085,1976110,177.2983874,-38.26455605
Northern ,Oponae Forest,W16/423b,"F9, firescoop",Wk 37986,168,20,-25.9,Charcoal,Tawa ,Hoffman 2014,5756085,1976110,177.2983874,-38.26455605
Northern ,Taputapuatea,T11/914,F50,Wk 41157,482,20,See Note 1,Charcoal,Dracophyllum,Hoffman 2016,5922401,1840467,175.6957576,-36.81371792
Northern ,Taputapuatea,T11/914a,F6,Wk 41158,581,20,See Note 1,Charcoal,Mangrove,Hoffman 2016,5922401,1840467,175.6957576,-36.81371792
Northern ,Taputapuatea,T11/914a,F11,Wk 41159,519,20,See Note 1,Charcoal,Ramarama,Hoffman 2016,5922401,1840467,175.6957576,-36.81371792
Northern ,Taputapuatea,T11/914b,F19,Wk 41160,465,20,See Note 1,Charcoal,Mahoe sp. Twig,Hoffman 2016,5922401,1840467,175.6957576,-36.81371792
Northern ,Taputapuatea,T11/914c,"Area 7, F32",Wk 41161,614,20,See Note 1,Charcoal,Mapou ,Hoffman 2016,5922401,1840467,175.6957576,-36.81371792
Northern ,Taputapuatea,T11/914c,"Area 7, F35",Wk 41162,691,30,-25.1,Charcoal,Myrsine sp.,Hoffman 2016,5922401,1840467,175.6957576,-36.81371792
Northern ,Taputapuatea,T11/914c,"Area 6, Layer P",Wk 41163,676,20,See Note 1,Charcoal,Coprosma sp.,Hoffman 2016,5922401,1840467,175.6957576,-36.81371792
Northern ,Taputapuatea,T11/914b,"Area 5, F17",Wk 43224,564,20,See Note 1,Charcoal,Mapou,Hoffman 2016,5922401,1840467,175.6957576,-36.81371792
Northern ,Taputapuatea,T11/914b,"Area 5, F16",Wk 43225,526,20,See Note 1,Charcoal,Dracophyllum sp.,Hoffman 2016,5922401,1840467,175.6957576,-36.81371792
Northern ,Taputapuatea,T11/914a,"Riparian area, F7",Wk 43226,424,20,See Note 1,Charcoal,Coprosma sp. ,Hoffman 2016,5922401,1840467,175.6957576,-36.81371792
Northern ,Taputapuatea,T11/914c,"Area 4, F61",Wk 43227,506,20,See Note 1,Charcoal,Ngaio,Hoffman 2016,5922401,1840467,175.6957576,-36.81371792
Northern ,Taputapuatea,T11/914c,"Area 6, F43",Wk 43228,676,20,See Note 1,Charcoal,Mapou,Hoffman 2016,5922401,1840467,175.6957576,-36.81371792
Northern ,Taputapuatea,T11/914,"Area 8, F45",Wk 43229,356,20,See Note 1,Charcoal,Pohutukawa twig,Hoffman 2016,5922401,1840467,175.6957576,-36.81371792
Northern ,Taputapuatea,T11/914,"Area 2, Midden G",Wk 43230,277,20,See Note 1,Charcoal,Pohutukawa twig,Hoffman 2016,5922401,1840467,175.6957576,-36.81371792
Northern ,Taputapuatea,T11/914,Midden F ,Wk 43231,354,20,See Note 1,Charcoal,Hinau seed,Hoffman 2016,5922401,1840467,175.6957576,-36.81371792
Northern ,Taputapuatea,T11/914,Midden G,Wk 43233,360,20,See Note 1,Charcoal,Pohutukawa twig,Hoffman 2016,5922401,1840467,175.6957576,-36.81371792
Northern ,Taputapuatea,T11/914,Midden E. F76,Wk 43291,378,20,See Note 1,Charcoal,Hebe sp.,Hoffman 2016,5922401,1840467,175.6957576,-36.81371792
Northern,Mahinepua,P04/99,Feature 4,Wk 32614,339,25,-24.7,Charcoal,Manuka ,Johnson 2014,6126828,1676787,173.8414577,-34.99824631
Northern,Hahei,T11/1030,Feature 4,Wk 33967,388,33,-26.6,Charcoal,Short lived species,Judge et al. 2013,5918930,1850778,175.8123699,-36.84229457
Northern,Hahei,T11/1030,Feature 5,Wk 33968,382,32,-25.6,Charcoal,Short lived species,Judge et al. 2013,5918930,1850778,175.8123699,-36.84229457
Central,Opoutama,X19/396,F24,Wk 34824,193,30,-26.3,Charcoal,Short lived species,Keith 2013,5665842,2018447,177.8350519,-39.05624915
Central,Mangahewa,Q19/406,F18,Wk 36504,356,29,-28.4,Charcoal,Five finger,Phillips 2013,5674615,1714441,174.3228968,-39.07006872
Central,Mangahewa,Q19/406,F18,Wk 36505,366,29,-29.1,Charcoal,Five finger,Phillips 2013,5674615,1714441,174.3228968,-39.07006872
Central,Mangahewa,Q19/406,"F4, Hangi",Wk 36503,303,27,-26.1,Charcoal,Kohekohe and Mahoe twigs,Phillips 2013,5674615,1714441,174.3228968,-39.07006872
Northern,Kaeo Flood Scheme,P04/760,"Context 286, firescoop fill",Wk 41041,152,28,-25.2,Charcoal,Pseudopanax sp.,Shackles et al. 2015,6115091,1671969,173.7896831,-35.10442752
Northern,Kaeo Flood Scheme,P04/761,"Context 198, firescoop fill",Wk 41042,106,33,-25.3,Charcoal,"Tutu, Hebe sp., Coprosma sp. And Mahoe",Shackles et al. 2015,6115210,1671548,173.7850538,-35.10338456
Northern,Kaeo Flood Scheme,P04/761,"Context 219, firescoop fill",Wk 41040,337,28,-25.2,Charcoal,"Tutu, Coprosma sp., Mahoe, Mapou and Manuka",Shackles et al. 2015,6115210,1671548,173.7850538,-35.10338456
Northern,WKM Tower,S15/68,Feature 5,Wk 43693,302,20,See Note 1,Charcoal,Coprosma sp. ,Trilford 2016,5803623,1814279,175.436782,-37.88970451
