Region,Site Name,Site.Number,Lab No.,CRA,Error,Material ID,Source,NZTM E,NZTM N
Southern,"Mary Island Burial, Hauroko",C45/1,NZ0883,306,41,Leptospermum scoparium,Database,1160719,4892101
Southern,"Lee Island, Te Anau",D41/7,NZ6733,281,50,"Leptospermum scoparium - dominant; Coprosma sp. - subdominant; Phyllocladus alpinus, Podocarpus totara, P. hallii, Nothofagus solandri var - minor; fern, unidentified - trace",Anderson and McGovern-Wilson 1991,1195832,5000252
Southern,"Sealers Bay, Codfish Island",D48/21,Wk21442,464,36,Hebe salicifolia 7 - Pseudopanax colensoi 7 - Leptospermum scoparium 6 - Fuchsia excorticata 3 - Griselina littoralis 3 - Myrsine australis 2,Smith and Anderson 2008,1190900,4807072
Southern,"Sealers Bay, Codfish Island",D48/21,Wk21443,542,35,Leptospermum scoparium 4 - Hebe salicifolia 2 - Pseudopanax colensoi 7 - Melicytus ramiflorus 1 - Myrsine australis 1,Smith and Anderson 2008,1190900,4807072
Southern,"Sealers Bay, Codfish Island",D48/5a,Wk21436,740,35,Hebe salicifola 6 - Pseudopanax colensoi 5 - Leptospermum scoparium 4 - Pseudopanax edgerleyi 3 - Myrsine australis 2 - Coprosma sp. 1 - Griselinia littoralis 1 - Pseudopanax crassifolius 1,Smith and Anderson 2008,1190900,4807072
Southern,"Sealers Bay, Codfish Island",D48/5a,Wk21437,631,35,Myrsine australis 5 - Griselinia littoralis 3 - Leptospermum scoparium 3 - Hebe salicifolia 1 - Coprosma sp. 1 - Aristotelia serrata 1 - Fuchsia excorticata 1,Smith and Anderson 2008,1190900,4807072
Southern,"Sealers Bay, Codfish Island",D48/5a,Wk21438,197,35,Pteridium esculentum 2 - Fuchsia excorticata 1 - Pseudopanax edgerleyi 1 - Ascarina lucida 1 ,Smith and Anderson 2008,1190900,4807072
Southern,"Sealers Bay, Codfish Island",D48/5,Wk21439,529,35,Aristotelia serrata 9 - Hebe salicifolia 8 - Leptospermum scoparium 7 - Pseudopanax edgerleyi 2 -  Ascarina lucida 1 - Dracophyllum longifolium 1,Smith and Anderson 2008,1190900,4807072
Southern,"Sealers Bay, Codfish Island",D48/5,Wk21440,517,34,Hebe salicifolia 3 - Leptospermum scoparium 3 - Coprosma sp. 2 - Aristotella serrata 1 - Fuchsia excorticata 1 - Myrsine australis 1,Smith and Anderson 2008,1190900,4807072
Southern,"Sealers Bay, Codfish Island",D48/5,Wk21441,548,35,Hebe salicifolia 5 - Leptospermum scoparium 3 - Coprosma sp. 2 - Pseudopanax crassifolius 2 - Fuchsia excorticata 1 ,Smith and Anderson 2008,1190900,4807072
Southern,Cascase state forest,E38/3,NZ7348,541,72,"Weinmannia recemose, Daacrydium cupresinum, Nothofagus sp., Olearia sp.",Database,1225724,5109327
Southern,Barn Bay,E38/7,NZ7340,669,72,"Hoheria sp., Schleffera digitata, Hebe sp., Metrosideros sp., Nothofagus sp., Weinmannia racemosa, Aristotelia serrata, Myrsine australis, Lagarostrabos colensoi, Podocarpus totara/hallii",Database,1225524,5109427
Southern,"Dart Bridge, Glenorcy",E40/2,NZ5324,587,56,Coprosma sp,Database,1229859,5030926
Southern,"Dart Bridge, Glenorcy",E40/2,NZ5325,723,57,Coprosma sp - dominant. Sophora sp [probably S microphylla] -subdominant. Nothofagus sp. - trace,Database,1229859,5030926
Southern,Tiwai Point,E47/13,NZ4469,656,29,"Leptospermum scoparium 76%, Podocarpus totara/hallii [probably P totara] 20 % Pittosporum sp 4 %",Database,1245538,4829776
Southern,Parkburn,G41/2,NZ5336,365,55,Discaria toumatou - dominant. Podocarpus totara/hallii - minor. Leptospermum ericoides - trace,Database,1305551,5014969
Southern,Parkburn,G41/2,NZ5337,340,39,Discaria toumatou,Database,1305551,5014969
Southern,Parkburn,G41/2,NZ5338,426,32,Discaria toumatou,Database,1305551,5014969
Southern,Tinwaldburn,G41/288,NZ5416,303,45,Discaria toumatou,Database,1307650,5018874
Southern,Rockfall II,G41/453,NZ5340,632,45,Discaria toumatou - dominant. Sophora sp [probably S.microphylla] - minor. Coprosma sp. Leptospermum ericoides - trace,Database,1303963,5001156
Southern,Rockfall II,G41/453,NZ5341,376,38,Discaria toumatou - dominant. Hebe sp. - minor. Sophora sp [probably S microphylla] Coprosma sp - minor,Database,1303963,5001156
Southern,Hawksburn,G42/13,NZ5044,692,33,"Coprosma sp. Dominant, Olearia sp. Minor)",Anderson 1978,1300075,4986641
Southern,Hawksburn,G42/13,NZ5045,709,33,Coprosma sp.-dominant. Olearia sp subdominant. Hebe sp minor,Anderson 1978,1300075,4986641
Southern,Hawksburn,G42/13,NZ5046,714,33,"Coprosma sp. Dominant, Olearia sp. Minor)",Anderson 1978,1300075,4986641
Southern,Hawksburn,G42/13,NZ5047,611,33,Oleria sp. Dominant. Coprosman sp. Subdominant,Anderson 1978,1300075,4986641
Southern,Hawksburn,G42/13,NZ5048,691,33,Oleria sp. Dominant. Coprosman sp. Subdominant,Anderson 1978,1300075,4986641
Southern,Hawksburn,G42/13,NZ5049,652,33,Oleria sp. Dominant. Coprosman sp. Subdominant,Anderson 1978,1300075,4986641
Southern,Hawksburn,G42/13,NZ5050,720,33,"Coprosma sp. dominant, Olearia sp. Minor, Phylloclodies alpimus - rare",Anderson 1978,1300075,4986641
Southern,Hawksburn,G42/13,NZ5051,668,33,Hebe sp. Olearia sp. Coprosma sp.,Anderson 1978,1300075,4986641
Southern,Hawksburn,G42/13,NZ5052,663,28,Oleria sp. Dominant. Coprosman sp. Subdominant,Anderson 1978,1300075,4986641
Southern,Italian Creek,G42/183,NZ4715,309,82,"Hebe sp. 50%, Discaria toumatou 50%",Database,1310071,4997260
Southern,Italian Creek,G42/183,NZ4716,579,96,"Discaria toumatou 66%, Hebe sp. 34 %",Database,1310071,4997260
Southern,Italian Creek,G43/183,NZ4714,399,88,"Hebe sp. 84%, Discaria toumatou 16%",Database,1310071,4997260
Southern,Coal Creek,G43/51,NZ6855,655,40,"Hoheria/Plagianthus gp - dominant; Coprosma sp (2), Olearia sp - subdominant; unidentified - minor",Database,1311520,4956631
Southern,Papatowai,G47/50,Wk1761,650,45,Twigs from the following: Leptospermum scoparium - 13pc; Pseudopanax arboreus - 3pc; Pseudowinteria colorata - 3pc; Hoheria sp. - 3pc; Nothofagus sp. - 2pc; Coprosma sp. - 1pc; Pittosporum sp. - 1pc; Archeria traversi - 1pc; bark,Database,1330143,4837793
Southern,Papatowai,G47/50,Wk1762,640,45,Leptospermum scoparium - 14pc; Pseudopanax edgerleyi - 6pc; Myrsine australis - 3pc; Hoheria sp. - 1pc; Dracophyllum sp. - 1pc,Database,1330143,4837793
Southern,Papatowai,G47/50a,NZA1415,570,66,Leptospermum scoparium - 1pc; Pseudopanax arboreus - 1pc; Carpodetus serratus - 1pc,Database,1330143,4837793
Southern,Killermont No.2,H39/19,WK2782,640,35,Short lived,Challis 1995,1349342,5066532
Southern,Killermont No.2,H39/19,WK2916,620,45,Short lived,Challis 1995,1349342,5066532
Southern,Killermont No.2,H39/19,WK2991,590,45,Short lived,Challis 1995,1349342,5066532
Southern,Pounawea,H47/1,NZ5032,816,78,Leptospermum scoparium - dominant; Pod. Tot/hal,Database,1346626,4848133
Southern,Te Ngawai,I38/4,NZ6297,647,-25.35,Myrsine australis dominant Hymenanthera minor,Database,1416444,5102372
Southern,Te Ngawai,I38/5,NZ6364,657,28,Myrsine australis,Fankhauser 1992,1416544,5102372
Southern,Mt Parker,I40/43,NZ6210,609,33,Myrsine australis,Fankhauser 1992,1416479,5037266
Southern,Mount Parker,I40/44,NZ6409,718,34,Olearia sp. Myrsine australis,Fankhauser 1992,1415779,5037066
Southern,Wainui,I40/46,NZ6211,589,33,Myrsine australis,Fankhauser 1992,1410878,5037662
Southern,Wainui,I40/48,NZ6383,588,28,"Coprosma sp. Dominant, Hebe sp. Minor",Fankhauser 1992,1411178,5038063
Southern,Wainui,I40/49,NZ6171,509,41,Coprosma sp.,Fankhauser 1992,1410978,5038063
Southern,Wainui,I40/51,NZ6212,392,25,Myrsine australis dominant Hymenanthera minor,Fankhauser 1992,1410878,5037863
Southern,Wainui,I40/52,NZ6393,588,34,"Myrsine australis dominant, Sophora microphylla minor",Fankhauser 1992,1413079,5036564
Southern,Mapoutahi Pa,I44/17a,NZ6698,182,45,"Myrsine australis - dominant; Carpodetus serratus, Pittosporum tenuifolium - subdominant; Hebe sp., unidentified - minor)",Database,1414586,4932663
Southern,Mapoutahi Pa,I44/17,NZ6770,258,50,"Leptospermum scoparium, Myrsine australis - codominant; Pittisporum tenuifolium, Carpodetus serratus, Coprosma sp., Hebe sp., unidentified - minor ",Database,1414586,4932663
Southern,Mapoutahi Pa,I44/17,NZ6759,257,50,"Melicytus ramiflorus - dominant; Sophora microphylla, Myrsine australis, Leptospermum scoparium, Hebe sp., Coriaria arborea, Podocarpus totara/hallii, unidentified - minor)",Database,1414586,4932663
Southern,Long Beach,I44/23,NZ4704,476,56,"Coprosma sp. - dominant; Podocarpus totara/hallii, Hebe sp. - sub-dominant; Pittosporum sp., Hoheria or Plagianthus sp, Leptospermum scoparium - minor; Pseudopanax sp. - trace",aaMcGovern-Wilson 1985,1417090,4929766
Southern,Sandfly Bay,I44/68,NZA22837,679,35,"coprosma, pittosporum, plagianthus, mapau, kanuka",Briden 2005,1417912,4914669
Southern,Sandfly Bay,I44/68,NZA22838,691,35,"Cordyline australlis, kanuka, southern rata",Briden 2005,1417912,4914669
Southern,Sandfly Bay,I44/68,NZA22836,498,45,"Cordyline australis, coprosma sp, ngaio, ?shrub",Briden 2005,1417912,4914669
Southern,Te Mako,J40/10,NZ6208,560,28,Lophomyrtus obcordata,Fankhauser 1992,1443875,5042285
Southern,Brunswick Downs,J40/12,NZ6209,675,28,Myrsine australis,Fankhauser 1992,1420182,5031896
Southern,Limestone Hills,J40/18,NZ6300,173,32,Hebe sp. Dominant with Podocarpus totara,Fankhauser 1992,1439576,5041782
Southern,Holmeview,J40/21,NZ6411,140,32,Leptospermum ericoides,Fankhauser 1992,1435076,5041179
Southern,Holmeview,J40/21,NZ6166,180,36,Letospernum scoparium dominant; Psuedopanax crassifoilius,Fankhauser 1992,1435076,5041179
Southern,Katiki Point,J42/20,NZ0697,519,59,Small stems mainly Myrsine australis,Fankhauser 1992,1432938,4970882
Southern,Pleasant River Mouth,J43/1,Wk2790,700,90,Muehlenbeckia sp - 10pc. Coprosma sp. - 4pc. Discaria toumatou - 6pc. Plagianthus divaricatus - 5 pc. Olearia sp. - 3 pc,Smith 1999,1422579,4952433
Southern,Pleasant River Mouth,J43/1a ,NZ7961,443,83,"Discaria toumatou - 70%, Ribbonwood/lacebark - 26%, Cordyline australis stem - 4%",Smith 1999,1422579,4952433
Southern,Pleasant River Mouth,J43/1a ,NZA2802,494,62,Olearia sp.,Smith 1999,1422579,4952433
Southern,Pleasant River Mouth,J43/1 ,NZ7960,507,64,"Coprosma sp. - 50%, Discaria toumatou - 25%, Shrub ?Coprosma sp. - 25%",Smith 1999,1422579,4952433
Southern,Pleasant River Mouth,J43/1a ,NZA3740,624,65,Discaria toumatou,Smith 1999,1422579,4952433
Southern,Pleasant River Mouth,J43/1 ,NZ7964,665,41,"Discaria toumatou - 58%, Olearia sp. - 16%, Hebe sp. - 16%, bark - 8%",Smith 1999,1422579,4952433
Southern,Pleasant River Mouth,J43/1 ,NZ7963,602,69,"Discaria toumatou - 58%, shrub sp. - 21%, Ribbonwood/lacebark - 11%, Hebe sp. - 5%, Coprosma sp. - 5% ",Smith 1999,1422579,4952433
Southern,Pleasant River Mouth,J43/1 ,NZ8096,705,35,"Discaria toumatou - 40%, Pittosporum sp. - 32%, Ribbonwood - 28%",Smith 1999,1422579,4952433
Southern,Pleasant River Mouth,J43/1 ,NZ8098,655,33,"Discaria toumatou - 34%, Ribbonwood - 28%, Hebe sp. - 21%, Coprosma sp. - 10%, Nothofagus sp. twig - 7%",Smith 1999,1422579,4952433
Southern,Pleasant River Mouth,J43/1 ,NZ8095,878,33,Discaria toumatou,Smith 1999,1422579,4952433
Southern,Pleasant River Mouth,J43/1 ,NZ8097,647,37,"Plagianthus divaricatus - 38%, Hebe sp. - 31%, Discaria toumatou - 23%, Kunzea ericoides - 4%, Pseudopanax sp. - 4%) ",Smith 1999,1422579,4952433
Southern,Pleasant River Mouth,J43/1 ,NZ8099,624,37,"Plagianthus - 33%, Discaria toumatou - 23%, Pittosporum sp. - 16%, Myrsine australis - 15%, Olearia sp. - 6%, Hebe sp. - 6%) ",Smith 1999,1422579,4952433
Southern,Pleasant River Mouth,J43/1 ,Wk 2789,550,90,Discaria toumatou - 13 pieces. Pittosporum sp. - 4pc. Muehlenbeckia sp. - 6pc. Coprosma sp. - pc. Shrub sp. 1 pc,Database,1422579,4952433
Southern,Shag River Mouth,J43/2,NZ7759,627,47,"Olearia - 31%, Hoheria - 25%, Coprosma - 25%, Pseudopanax arboreus - 13%, Myrsine australis - 6%) ",Database,1429249,4961279
Southern,Shag River Mouth,J43/2,NZ7771,660,46,"Pseudowinteria colorata - 60%, Leptospermum scoparium - 30%, Pittosporum - 10%)",Database,1429249,4961279
Southern,Shag River Mouth,J43/2,NZ7734,781,37,Flax (Phormium tenax) ,Database,1429249,4961279
Southern,Shag River Mouth,J43/2,NZA0887,626,95,"Coprosma - 22%, Pseudowinteria colorata - 22%, Olearia - 22%, shrub sp. - 22%, Kunzea ericoides - 11%",Database,1429249,4961279
Southern,Shag River Mouth,J43/2,NZA0888,585,93,"Melicytus ramiflorus - 36%, Hoheria - 29%, Hebe - 14%, Elaeocarpus - 7%, Pteridium - 7%, Coprosma - 7%",Database,1429249,4961279
Southern,Shag River Mouth,J43/2,NZ7760,582,47,"Hoheria - 32%, Pittosporum - 21%, Shrup sp. - 21%, Olearia - 16%, Kunzea ericoides - 5%, Sophora microphylla - 5%",Database,1429249,4961279
Southern,Shag River Mouth,J43/2,NZ7756,670,47,"Hoheria - 95%, Myrsine australis - 5%",Database,1429249,4961279
Southern,Shag River Mouth,J43/2,Wk2589,630,35,Hoheria sp.,Database,1429249,4961279
Southern,Shag River Mouth,J43/2,NZ7755,646,47,"Hoheria - 99%, Hebe - 1%",Database,1429249,4961279
Southern,Shag River Mouth,J43/2,NZ7757,537,44,Hoheria sp.,Database,1429249,4961279
Southern,Shag River Mouth,J43/2,NZ7761,600,50,"Hoheria - 37%, Pittosporum - 23%, Coprosma - 20%, Myrsine australis - 10%, Pseudopanax - 7%, P. eugenioides - 3%",Database,1429249,4961279
Southern,Shag River Mouth,J43/2,NZ7758,580,47,"Hoheria - 80%, Olearia - 15%, Pseudopanax - 2%, Coprosma - 2% ",Database,1429249,4961279
Southern,Shag River Mouth,J43/2,NZ7762,647,47,Hoheria sp.,Database,1429249,4961279
Southern,Shag River Mouth,J43/2,NZ7763,592,48,"Hoheria - 50%, Pseudopanax arboreus - 17%, Pittosporum - 17%, Coprosma - 16%",Database,1429249,4961279
Southern,Flock Hill,L34/2,NZ7466,468,66,Coprosma sp. (twigs),Trotter 1988,1501420,5216676
Central,Kairaki Pit,M35/379,Wk16455,129,33,Unspecified twigs,Trotter and McCulloch 2005,1574991,5198145
Central,Moa-bone point cave,M36/25,NZ0511,633,38,Bark and outer portion,Trotter 1975b,1578296,5177289
Central,Birdlings Flat,M37/161,Wk27973,662,36,"Short lived - Dodonea viscose, Myoporum laetum and Leucopogon fasciculatus",Trotter 2010,1576416,5147716
Northern,Houhora,N03/323,NZ6581,430,32,Beilschmiedia tarairi - dominant; Kunzea ericoides - subdominant,Database,1602064,6149725
Northern,Houhora,N03/455,NZ6608,482,40,Beilschmiedia tarairi - dominant; Leptospermum scoparium - minor; unidentified,Database,1601658,6151822
Northern,Mt Camel,N03/59,NZA2438,727,86,Pittosporum sp. [possibly tenuifolium] - 6pc; Coprosma sp. - 5pc; Hebe sp. - 2pc; Brachyglottis repanda - 1pc,Database,1614567,6146463
Northern,Mt Camel,N03/59,NZA2437,774,87,"Olearia sp. - 1pc; Beilschmiedia taraire - 1pc; Pseudopanax sp. [possibly arboreus] - 1pc, Leptospermum scoparium - 1pc",Database,1614567,6146463
Northern,Mt Camel,N03/59,NZA2436,632,86,"Dodonaea viscosa - 2pc; Pittosporum sp. - 1pc; Leptospermum scoparium - 1pc, Beilschmiedia taraire - 1pc",Database,1614567,6146463
Northern,Mt Camel,N03/59,NZ7921,300,54,Cassinia retorta - 5pc; Plagianthus betulinus - 3pc; Leptospermum scoparium - 3pc; Olearia sp. - 2pc; Melicytus ramiflorus - 1pc,Database,1614567,6146463
Northern,Tauroa Point,N05/302a,Wk13534,746,39,Leptospermum ericoides,Allen et al. 2005,1605390,6105260
Northern,Tauroa Point,N05/302,Wk13536,183,36,Leptospermum ericoides,Allen et al. 2005,1605390,6105260
Northern,Tauroa Point,N05/302,Wk13535,218,37,Varied shot lived species,Allen et al. 2005,1605390,6105260
Northern,Tauroa Point,N05/302,Wk13533,239,37,"Leptospermum ericoides, Cassinia sp.",Allen et al. 2005,1605390,6105260
Northern,Tauroa Point,N05/302,Wk13537,178,39,Leptospermum ericoides,Allen et al. 2005,1605390,6105260
Northern,Tauroa Point,N05/315,Wk13538,339,33,Leptospermum ericoides,Allen et al. 2005,1605790,6104961
Northern,Tauroa Point,N05/315,Wk13531,383,40,Cassinia sp.,Allen et al. 2005,1605790,6104961
Northern,Tauroa Point,N05/315,Wk13530,356,38,Leptospermum ericoides,Allen et al. 2005,1605790,6104961
Northern,Tauroa Point,N05/315a,Wk13532,233,38,"Pittosporum, Leptospermum ericoides",Allen et al. 2005,1605790,6104961
Central,Awaroa Inlet,N26/18,WK1827,430,60,"Melicytus ramiflorus, Myrsine australis, Coprosma sp. Dodonaea viscose",Database,1601714,5476581
Central,Awaroa Inlet,N26/18,WK2094,460,50,"Melicytus ramiflorus, Myrsine australis, Coprosma sp. Dodonaea viscose",Database,1601714,5476581
Central,Panau,N36/72,WK2570,640,50,Twigs - long lived species removed,Database,1602486,5166495
Central,Panau,N36/72,WK2571,114,50,Twigs - long lived species removed,Database,1602486,5166495
Central,Panau,N36/72,WK2566,134,56,Twigs - long lived species removed,Jacomb 1995,1602486,5166495
Central,Panau,N36/72,WK2567,380,55,Twigs - long lived species removed,Jacomb 1995,1602486,5166495
Central,Panau,N36/72,WK2569,600,45,Twigs - long lived species removed,Jacomb 1995,1602486,5166495
Central,Tumbledown Bay,N37/12,NZ7655,213,47,"Twigs - Myoporum leatum, Olearia avicenniaefolia, Pseudopanaz arboreum, Metrosideros umbellat, Myrsine australis, Prumnopitys taxifolia, hoheria sp.",Challis 1995,1581497,5144404
Central,Tumbledown Bay,N37/12,NZ7656,418,47,"Twigs - Prumnopitys taxifolia, Dacrydium curessinum, Pittisporum sp., Coprosma sp.",Challis 1995,1581497,5144404
Central,Tumbledown Bay,N37/12,NZ7661,476,43,Alectryon excelsus dominant; Schefflera digitata minor,Challis 1995,1581497,5144404
Northern,Oruru Valley,O04/252,NZ7338,330,55,"Cyathea dealbata - 95%, Podocarpus sp. bark - 5%",Database,1646516,6123465
Northern,Oruru Valley,O04/252,NZ7334,410,55,Leptospermum scoparium,Database,1646516,6123465
Northern,Oruru Valley,O04/253,NZ7335,410,55,Beilschmiedia tarairi,Database,1646417,6123264
Northern,Waipoua Forest,O06/170,Wk1087,360,50,"Ackama rosifolia, Metrosideros robusta, Brachyglottis repanda, Carpodetus serratus, Cyathea dealbata",Database,1646897,6055602
Northern,Waipoua Forest,O06/171,Wk1084,570,105,"Myrsine sp., Brachyglottis repanda, Dodonaea viscosa, Ackama rosifolia, Coprosma sp., Olearia sp.",Database,1646796,6055801
Northern,Waipoua Forest,O06/249,Wk1085,460,50,"Knightia excelsa, Elaeocarpus dentatus, Prumnopitys taxifolia, Vitex lucens, Dysoxylum spectabile, Beilschmeidia tarari, Dodonae viscosa, Melicytus ramiflorus, Brachyglottis repanda, Scheffliera digitata, Pseudopanax arboreus",Database,1646697,6055801
Northern,Motutoa,O06/307,NZA0514,156,93,Fern sp.,Trotter 1967a/Fredericksen 1990,1639556,6072772
Northern,Motutoa,O06/307,NZA0538,304,75,Fern sp.,Database/Fredericksen1990,1639556,6072772
Northern,Motutoa,O06/308,NZA0515,90,89,Ackama rosaefolia,Anderson 1991,1639757,6072773
Central,Maitai Valley,O27/35,NZ7544,595,49,Unspecified (twigs),Database,1631602,5428196
Central,Maitai Valley,O27/35,NZ7545,896,95,Unspecified (twigs),Database,1631602,5428196
Central,Fyffe Site,O31/30,NZ2716,840,60,Leptospermum sp. And Coprosma sp.,Database,1658120,5303715
Northern,Kaikohe,P05/0,NZ7451,191,64,"Schefflera digitata - 90%, Fern sp - 10%",Database,1684602,6085084
Northern,Windus,P05/0,NZ7337,250,50,"Beilschmiedia tawa - 50%, Hebe sp. - 25%, Myrsine australis - 25%",Database,1684602,6085084
Northern,Kaikohe,P05/0,NZ7309,400,55,"Cyathea dealbata - 40%, Podocarpus totara - 10%, Metrosideros sp. - 5%",Database,1684602,6085084
Northern,Kaikohe,P05/0,NZ7308,495,55,"Knightia excelsa, Dysoxylum spectabile, Beilschmiedia taraire, Coprosma sp., Fern stems",Database,1684602,6085084
Northern,Pouerua,P05/0,NZ7304,280,55,Cyathea dealbata,Database,1684602,6085084
Northern,Pouerua,P05/0,NZ7303,357,65,Cyathea dealbata,Database,1684602,6085084
Northern,Pouerua,P05/0,NZ7247,250,50,"Hebe sp. - 80%, Brachyglotis responda - 20%",Database,1684602,6085084
Northern,Kaikohe,P05/0,NZ7450,230,64,Pteridium aquilinium var. esculentum 99% - Vitex lucens 1 %,Database,1685504,6084087
Northern,Pouerua,P05/195,NZ7341,250,50,"Myrsine sp., Olearia sp., carbonised seeds sp.",Database,1684602,6085084
Northern,Pouerua,P05/195,NZ7333,380,60,"Cyathodes fasciculata, Hoheria sp., Dysoxylum spectible, Leptospermum sp.",Database,1684602,6085084
Northern,Pouerua,P05/195,NZ7326,900,211,Olearia rani,Database,1684602,6085084
Northern,Pouerua,P05/195,NZ7322,390,55,"Myrsine sp. - 50%, Schefflera digitata - 30%, Coprosma sp. - 10%, unidentified shrub - 10%",Database,1684602,6085084
Northern,Pouerua,P05/195,NZ7312,260,55,"Schefflera digitata - 80%, Dysoxylum spectible - 5%, Beilschmiedia tawa - 10%, Coprosma sp. - 5%",Database,1684602,6085084
Northern,Pouerua,P05/195,NZ7310,300,55,"Schefflera digitata - 60%, Brachyglottis repanda - 15%, Coprosma sp. - 10%, Hebe sp. - 5%, Dysoxylum spectible - 5%",Database,1684602,6085084
Northern,Pouerua,P05/195,NZ7255,250,50,"Hebe sp., Myrsine divaricata - co-dominant",Database,1684602,6085084
Northern,"Pouerua, Gardens",P05/195,NZ7251,430,60,"Schefflera digitata - 60%, Olearia sp., Litsea calicaris, Hebe sp., Vitex lucens, Dysoxylum spectabile, unidentifiable shrub",Database,1684602,6085084
Northern,"Pouerua, Gardens",P05/195,NZ7249,250,50,"Hebe sp. - 75%, Myrsine sp. [probably australis] - 20%, Leptospermum scoparium - 5%",Database,1684602,6085084
Northern,Pouerua,P05/195,NZ6999,270,50,"Geniostoma ligustrifolium - 55%, Broadleaf shrub - 40%, Dacrydium cupressinum/ Podocarpus totara/hallii gp. - 5%",Database,1684602,6085084
Northern,Pouerua,P05/195,NZ6980,225,36,"Hebe sp. - 85%, Brachyglottis repanda - 15%, Coprosma sp., Olearia sp., Hoheria sp.",Database,1684602,6085084
Northern,"Haratua's Pa, Pouerua",P05/228,NZ6967,363,37,Elaeocarpus dentatus and/or Elaeocarpus hookerianus,Database,1686799,6085890
Northern,Field School Pa,P05/371,NZ7339,735,60,"Pteridium aquilinium var. esculentum] - 10-20pc, Vitex lucens - 1pc ",Database,1683304,6084581
Northern,Field School Pa,P05/371,NZ7311,250,50,"Beilschmiedia taraire - 2pc; Myrsine sp. [probably australis] - 1pc; Pseudopanax crasifolius - 5pc; Schefflera digitata - 2pc, Hebe sp. - 3pc; gynomsperm twig - 1pc, Dysoxylum spectabile - 6pc",Database,1683304,6084581
Northern,Kaikohe,P05/402,NZ7254,250,50,"Leptospermum scoparium/ Kunzea ericoides - 90%, Cyathea dealbata, Carpodetus serratus, ? gymnosperm",Database,1685405,6083787
Northern,Kaikohe,P05/402,NZ7250,330,60,Pteridophyte [probably Leptospermum scoparium)],Database,1685405,6083787
Northern,Cattleyards Pa,P05/408,NZ7330,407,60,"Leptospermum sp., unidentified anglosperm",Database,1685701,6085287
Northern,Wairoa Bay,P05/854,Wk 12418,454,43,"Manuka, Rangiora, 5 finger and Coprosma sp.",Best 2003,1698339,6106712
Northern,Wairoa Bay,P05/854,Wk 12419,213,51,"Hebe sp., Coprosma, 5-finger",Best 2003,1698339,6106712
Northern,Wairoa Bay,P05/854,Wk 13057,529,41,Kanuka and Pohutukawa,Best 2003,1698339,6106712
Northern,Paihia Treatment Ponds,P05/958,Wk20300,242,35,Short lived species,Mallows 2007a,1696982,6094934
Northern,Paihia Treatment Ponds,P05/958,Wk20301,160,35,Short lived species,Mallows 2007a,1696982,6094934
Northern,Paihia Treatment Ponds,P05/958,Wk20302,212,35,Short lived species,Mallows 2007a,1696982,6094934
Northern,Kaikohe,P06/82,Wk3919,220,50,Nut - Unspecified,Slocombe 2001,1669531,6076349
Northern,Kaikohe,P06/82,Wk3920,220,40,Nut - Unspecified,Slocombe 2001,1669531,6076349
Central,Tataraimaka,P19/221,NZ6552,480,33,"Pseudopanax sp., Shefflera digitata, Hedycanya arborea minor; Paratropis sp. Macropiper exedsum",Database,1676325,5666536
Central,Tataraimaka,P19/221,NZ6555,203,32,Pseudopanax sp. Corynocarpus laevigatus; Paratrophis sp.,Database,1678025,5664937
Central,Oakura,P19/26,NZ6563,263,28,Hebe sp.,Database,1686321,5669143
Central,Clarence Gardens,P30/36,Wk18813,160,37,Short lived species,Habberfield-Short 2006a,1676202,5335324
Central,Clarence Gardens,P30/36,Wk18814,283,33,Short lived species,Habberfield-Short 2006a,1676202,5335324
Central,Clarence Gardens,P30/36,Wk18815,211,31,Short lived species,Habberfield-Short 2006a,1676202,5335324
Central,Clarence Gardens,P30/36,Wk18816,140,39,Short lived species,Habberfield-Short 2006a,1676202,5335324
Central,Clarence Gardens,P30/36,Wk18817,115,37,Short lived species,Habberfield-Short 2006a,1676202,5335324
Central,Clarence Gardens,P30/36,Wk18818,176,42,Short lived species,Habberfield-Short 2006a,1676202,5335324
Central,Clarence Gardens,P30/36,Wk18819,215,39,Short lived species,Habberfield-Short 2006a,1676202,5335324
Central,Clarence Gardens,P30/36,Wk18822,110,35,Short lived species,Habberfield-Short 2006a,1676202,5335324
Central,Clarence Gardens,P30/36,Wk18823,156,33,Short lived species,Habberfield-Short 2006a,1676202,5335324
Central,Clarence Gardens,P30/36,Wk18824,295,43,Short lived species,Habberfield-Short 2006a,1676202,5335324
Central,Clarence Gardens,P30/36,Wk18825,213,33,Short lived species,Habberfield-Short 2006a,1676202,5335324
Central,Clarence Gardens,P30/36,Wk18812,214,32,Short lived species,Habberfield-Short 2006a,1676194,5335621
Central,Clarence Gardens,P30/38,Wk18820,229,35,Short lived species,Habberfield-Short 2006a,1676202,5335324
Central,Clarence Gardens,P30/38,Wk18821,305,30,Short lived species,Habberfield-Short 2006a,1676202,5335324
Central,Clarence Gardens,P30/38,Wk18811,190,38,Short lived species,Habberfield-Short 2006a,1676194,5335621
Central,Clarence stone row,P30/5,NZ3113,382,59,Coprosma sp. Hebe sp. Podocarpus spicatus,Database,1676689,5423095
Northern,Mt Tikorangi,Q07/1284,Wk29070,170,30,Manuka,Johnson and Callaghan 2011,1717963,6037074
Northern,Mt Tikorangi,Q07/1284,Wk29071,135,30,Manuka,Johnson and Callaghan 2011,1717963,6037074
Central,Waipapa,Q07/nn,Wk24674,275,35,"Mahoe, wineberry",Gibb 2011,1709757,5683458
Central,Waipapa,Q07/nn,Wk24675,179,30,Bracken,Gibb 2011,1709757,5683458
Central,Waipapa,Q07/nn,Wk24676,354,31,"Five finger, Coprosma",Gibb 2011,1709757,5683458
Central,Waipapa,Q07/nn,Wk24677,261,35,"Five finger, Tutu, mahoe",Gibb 2011,1709757,5683458
Central,Waipapa,Q07/nn,Wk24678,549,35,"Coprosma, mahoe, pate",Gibb 2011,1709757,5683458
Northern,Waipu South 515,Q08/515,Wk20429,414,36,Short lived species,"Baquie et al., 2007",1732959,6009862
Northern,"Pouto , Kaipara",Q09/237,NZ6551,174,28,Leptospermum sp. [probably ericoides],Database,1702613,5976801
Northern,Jock's Knob,Q09/261,NZ6550,456,33,"Leptospermum sp., Pseudopanax sp., Coprosma sp.",Database,1702876,5979625
Northern,Jock's Knob,Q09/261,NZ6584,230,50,Ptenidium esculentum - dominant; Coriaria arborea - minor; Unidentified - trace,Database,1702876,5979625
Northern,Matauriki Pa,Q09/262,NZ6512,106,41,Leptospermum scoparium,Database,1705250,5979578
Northern,Waller Excavation,Q09/429,NZ7581,339,48,Beilschmiedia tarairi,Database,1713369,5956177
Northern,Waioneke,Q10/32,ANU0761a,100,70,Unspecified (twigs),Database,1715400,5955408
Central,Kuwhatahi,Q18/87,Wk9189,240,50,Short lived species,Talyor 2001,1739181,5707782
Central,Tikorangi,Q19/352,Wk20585,189,39,"Mahoe, Hebe",Hawkins 2008a,1710553,5677888
Central,Tikorangi,Q19/353,Wk20586,513,41,"Bracken, Pseudopanax, Horopito, Mahoe, Matai",Hawkins 2008a,1710145,5677872
Central,Tikorangi,Q19/354,Wk20587,189,39,Bracken,Hawkins 2008a,1709942,5677878
Central,Tikorangi,Q19/354,Wk20588,212,35,Bracken,Hawkins 2008a,1709170,5678621
Central,Tikorangi,Q19/357,Wk20589,187,36,Hebe,Hawkins 2008a,1709265,5678462
Central,Tikorangi,Q19/359,Wk20590,213,34,Hebe,Hawkins 2008a,1709035,5679163
Central,Tikorangi,Q19/359,Wk20591,191,34,"Tutu, Hebe sp. (short lived)",Hawkins 2008a,1709035,5679163
Central,Taranaki Kainga,Q19/66,Wk30542,196,35,"Tutu, Hebe, Coprosma (short lived species)",Bader 2011,1712504,5684060
Central,Johnston Site,Q22/77,NZ7778,475,46,"Melicytus ramiflorus, Pseudopanax arboreus",Database,1739058,5594582
Central,Johnston Site,Q22/77,NZ7779,126,46,"Melicytus ramiflorus, Pseudopanax arboreus",Database,1739058,5594582
Central,Johnston Site,Q22/77,NZ7780,481,46,Bracken (Pteridium aquilinum),Database,1739058,5594582
Central,Johnston Site,Q22/77,NZ7811,299,29,Melicytus sp. Coprosma sp. Hebe sp.,Database,1739058,5594582
Central,Johnston Site,Q22/77,NZ7813,538,34,"Matai, Coprosma",Database,1739058,5594582
Central,Te Ika-a-Maru,Q27/36,NZA2182,413,90,"Coprosma sp. Olearia sp. Kunzea ericoides, Dysoxylum spectabile",Database,1739380,5432489
Northern,"Pig Bay, Motutapu",R10/22,NZ0222,823,40,Unspecified (twigs),Database,1770342,5930928
Northern,Station Bay Pa - Motutapu,R10/26,NZ4349,35,66,Pteridium aquilinum var. esculentum,Davidson 1972,1772441,5931633
Northern,Station Bay Terraace,R10/38,NZ1167,410,86,Unspecified (twigs),Database,1771940,5931631
Northern,Station Bay Terraace,R10/38,NZ1166,510,86,Unspecified (twigs),Database,1771940,5931631
Northern,Whangaparoa,R10/80,Wk20432,378,36,Short lived,Bickler et al 2008,1770361,5945498
Northern,Clevedon Pa,R11/108,Wk2756,320,50,"Melicytus ramiflorus, Olearia sp., Pittosporum sp. [eugenioides?], Coprosma sp., Pseudopanax arboreus, Auicennia resinifera, Pseudopanax crassifolius",Young 2010,1760660,5922409
Northern,Clevedon Pa,R11/108a,Wk2757,360,50,"Olearia sp., Coprosma sp., Leptospermum scoparium, Metrosideros excelsa/Kunzea ericoides, Beilschmeidia tarairi",Young 2010,1760660,5922409
Northern,Wiri Railway Site,R11/1188,NZ7019,372,60,Myrsine australis,Baquie and Lawlor 1995/Database,1765099,5903019
Northern,Maugarei (Mt Wellington),R11/12,NZ8127,391,44,Melicytus ramiflorus,Database,1764375,5915317
Northern,Maugarei (Mt Wellington),R11/12,NZA0827,233,106,Melicytus ramiflorus,Database,1764375,5915317
Northern,Maungarei (Mt Welington),R11/12,NZA1618,403,49,Melicytus ramiflorus,Database,1764375,5915317
Northern,Maungarei (Mt Welington),R11/12,NZA1619,383,54,Melicytus ramiflorus,Database,1764375,5915317
Northern,"Mutukaroa, Hamlin's Hill",R11/142,NZ5962,411,76,"Coprosma sp. - dominant; Metrosideros sp., Podoarpus sp. - minor",Database,1763381,5912215
Northern,"Tamaki River, Waipuna",R11/1436,Wk5057,590,50,Cyathean dealbata,Clough and Turner 1998,1764979,5913018
Northern,Cryers Road,R11/1519,Wk1126,300,50,"Hebe sp., Myoporum laetum, Griselinia littoralis, Beilschmeidia tawa, Pseudopanax crassifolius, Nestigis sp., Prumnopitys taxifolia, unidentified fern",Frederickson and Visser 1989.,1768084,5910525
Northern,Puketapapa Pa,R11/19,NZ4471,305,56,"Coprosma sp. - 80%, Hebe sp. - 20%",Database,1754699,5913410
Northern,Puketapapa Pa,R11/19a,NZ4472a,288,45,"Coprosma sp. - 46%, Leptospermum sp. [probably scoparium] - 42%, Hebe sp. - 12%",Database,1754699,5913410
Northern,Puhinui,R11/25,NZ5164,305,76,"Myoporum laetum, Melicytus sp. [probably ramiflorus] - codominant",Baquie and Lawlor 1995/Database,1764061,5902027
Northern,Puhinui,R11/25,NZ5165,333,56,Myoporum laetum - dominant; Melicytus sp. [probably ramiflorus] - minor,Baquie and Lawlor 1995/Database,1764061,5902027
Northern,Puhinui,R11/25,NZ5166,207,75,Myoporum laetum - dominant; Melicytus sp. [probably ramiflorus] - subdominant; Hebe sp. - trace,Baquie and Lawlor 1995/Database,1764061,5902027
Northern,Puhinui,R11/25,NZ5167,566,85,Leptospermum sp. [probably scoparium],Baquie and Lawlor 1995/Database,1764061,5902027
Northern,Puhinui,R11/25,NZ5170,352,56,Hebe sp. - dominant; Melicytus sp. [probably ramiflorus] - trace,Baquie and Lawlor 1995/Database,1764061,5902027
Northern,Broomfields Road,R11/330,Wk19194,419,32,Short lived,Phillips 2006,1774080,5912036
Northern,Crater Hill,R11/602,WK2023,320,45,"twigs (Hebe sp. - 95%, unspecified - 5%)",Baquie and Lawlor 1995/Database,1761995,5905013
Northern,Crater Hill,R11/602a,Wk2024,330,45,"twigs (Hebe sp. - 90%, Pseudopanax sp. - 10%)",Baquie and Lawlor 1995/Database,1761995,5905013
Northern,Manukau Harbour,R11/859,Wk27373,403,30,Coprosmas sp.,Campbell 2011,1756420,5903527
Northern,Manukau Harbour,R11/859,Wk28701,426,35,Mangrove,Campbell 2011,1756420,5903527
Northern,Manukau Harbour,R11/859,Wk28702,246,36,"Tutu, Hebe, coprosma manuka",Campbell 2011,1756420,5903527
Northern,Manukau Harbour,R11/859,Wk28705,377,30,"Bracken, tutu, hebe",Campbell 2011,1756420,5903527
Northern,Westfield,R11/898,Wk2030,340,45,Cyathea medullaris,Database,1764482,5911717
Northern,Waikorea Beach,R14/55,Wk1899,560,4,"Pennantia corymbosa - dominant; shrub sp., unidentified",Database,1762852,5814014
Northern,Kaiwaka Point Pa,R15/255,NZ6272,268,81,"Leptospermum scoparium - dominant; Lophomyrtus obaordata, Coprosma sp., unidentified - minor",Database,1764495,5783914
Northern,Kaiwaka Point Pa,R15/255,NZ6273,322,81,"Leptospermum scoparium - dominant; Lophomyrtus obaordata, Coprosma sp., Pseudopanax sp. - minor",Database,1764495,5783914
Northern,Taharoa,R16/10,NZ5237,397,55,"Hebe sp., Coprosma sp., Leptospermum sp., Myoporum laetum , Melicytus sp.; Podocarpus totara/hallii - trace",Database,1749808,5773294
Central,Whitireia,R26/115,NZ2696,75,32,Pteridium esculentum,Database,1754980,5449256
Central,Mana Island,R26/141,NZ7887,556,71,"Kunzea ericoides, Melicytus ramiflorus Coprosma sp.",Database,1749850,5449286
Central,Mana Island,R26/141,NZ7888,588,72,"Schefflera digitata, Carpodetus serratus, Pseudopanax arboreus, Macropiper excelsa, Melicytus ramiflorus, Hoheria sp., Coprosma sp., Hebe sp., Olearia sp.",Database,1749850,5449286
Central,Mana Island,R26/141a,NZ7889,891,106,"Coprosma sp., Olearia sp., Macropiper excelsus, Aristotelia serrata, Myrsine sp., Kunzea ericoides",Database,1749850,5449286
Central,Mana Island,R26/141,NZ7890,556,89,"Macropiper excelsus, Coprosma sp., Pseudopanax arboreus, Olearia sp., Melicytus ramiflorus, Hebe sp., Pittosporum eugenoides",Database,1749780,5449286
Central,Mana Island,R26/141,NZ7891,434,65,"Coprosma sp., Olearis sp.",Database,1749780,5449286
Northern,Kay Road,S14/204,Wk2705,310,150,Beilschmeidia tawa - 6 pieces of twig and 10 pieces of tawa,Database,1794639,5825263
Northern,Horotiu,S14/222,Wk28967,329,30,Seeds,Hoffman 2011,1794266,5823837
Northern,Horotiu,S14/222,Wk28968,332,30,Seeds,Hoffman 2011,1794266,5823837
Northern,Mangakaware 3,S15/18,NZ1125,286,83,Ponga,Database,1795000,5799215
Northern,Old school road,S15/378,Wk2706,940,10,Beilschmeidia tawa - 6 twig pieces and 3 bark pieces; Knightia excelsa - 2 pc,Database,1817129,5803142
Northern,Cambridge Bypass,S15/66,Wk26296,223,33,Bracken (short lived),Mallows 2009c,1819433,5803775
Northern,Cambridge Bypass,S15/66,Wk26297,154,30,Olearia sp. (short lived),Mallows 2009c,1819433,5803775
Northern,Cambridge Bypass,S15/66,Wk26298,347,30,Supplejack (short lived),Mallows 2009c,1819433,5803775
Central,Himatangi Beach ,S24/26,NZ6267,456,55,"Shefflera digitata dominant; Vitex lucens, Podocarpus totara group minor",Database,1789181,5527091
Central,Maymorn Ridge,S26/3,NZ1057,747,59,Unspecified (twigs),Database,1783680,5456683
Central,"Moikau, PB",S28/9,NZ1644,775,59,Unspecified (twigs),Database,1784873,5412882
Central,"Moikau, PB",S28/9,NZ1645,777,59,Unspecified (twigs),Database,1784873,5412882
Northern,Great Mercury Island,T10/944,Wk25353,455,30,Ngaio and pohutakawa twigs,Furey 2009,1849149,5945070
Northern,Great Mercury Island,T10/944,Wk25354,149,30,"Ngaio, coprosmam, manuka five finger",Furey 2009,1849149,5945070
Northern,Hahei,T11/326,NZ4950,300,45,"Melicytus ramiflorus, Hebe sp. - codominant; Agathis australis - subdominant; Pittosporum sp. - minor",Database,1850742,5918897
Northern,Hahei,T11/326,NZ4951,556,61,"Pittosporum sp, Melicytus ramiflorus - codominant; Agathis australis - minor; Pseudopanax colensoi/arboreus group - rare",Database,1850742,5918897
Northern,Hahei,T11/326,NZ4952,549,560,"Melicytus ramiflorus - dominant; Melicope sp., Hebe sp., Agathis australis, Podocarpus totara/hallii - codominant; unidentified dicot, Metrosideros sp. - minor",Database,1850742,5918897
Northern,Whangapoua Forest,T11/644,Wk0968,940,45,Nestigis sp.,Database,1835058,5927166
Northern,Whangamata waste water,T12/1243,Wk22531,273,33,Leptospermum scoparium,Mallows 2009,1853872,5878329
Northern,Oruarangi Pa,T12/192,NZ4179,277,40,Bracken,Best 1980/Database,1829173,5878001
Northern,Pukehue Pa,T12/299,Wk3038,160,45,"Leptospermum scoparium, Hebe sp., Pseudopanax arboreus, Dracophyllum sp.",Allen et al. 1993,1828351,5880938
Northern,Puriri River 340,T12/340,Wk2641,110,45,Leptospermum ericoides - 10 pc; Hebe sp. - 5 pc; Quintinia serrata - 2 pc; Pseudopanax arboreus - 1 pc; Melicytus ramiflorus - 1 pc; Coprosma sp. - 1 pc; Olearia sp. - 1 pc,Database,1832612,5876258
Northern,Whetukura Pa,T12/345,Wk2950,290,50,"Dodonaea viscosa, Hebe sp., Leptospermum scoparium, Pseudopanax arboreus, Pseudopanax crassifolius, Lophomurtus bullata, Olearia sp., unidentified shrub",Allen et al. 1993,1828353,5880038
Northern,Whetukura Pa,T12/345a,Wk2951,290,90,"Pseudopanax arboreus, Pittosporum sp., Dracophyllum sp., unidentified shrub",Allen et al. 1993,1828353,5880038
Northern,Hurumoimoi Pa,T12/347,Wk2852,350,60,Hebe sp. - 12 pc; Leptospermum scoparium - 7 pc; Pseudopanax arboreus - 5 pc; Pittosporum sp. - 4 pc; unidentified shrub,Allen et al. 1993,1828052,5880237
Northern,Hurumoimoi Pa,T12/347a,Wk2853,70,54,Olearia sp. - 9 pc; Avicennia resinifera - 5 pc; Leptospermum scoparium - 5 pc; Hoheria sp. - 3 pc; Dodonaea viscosa - 1 pc; unidentified shrub - 1 pc,Allen et al. 1993,1828052,5880237
Northern,Puriri River 882,T12/882,Wk2640,110,55,"bark of Leptospermum scoparium, Myrsine australis, Hebe sp.",Database,1831861,5876143
Central,Okoropunga,T28/47,NZ3114,337,79,Coprosma sp. Hebe sp.,Database,1821373,5409073
Central,Okoropunga ,T28/47,NZ3115,531,58,"Coprosmas sp. Dominant, Podocarpus totara minor",Database,1820872,5408773
Northern,Ongarahu,U14/157,Wk31086,220,31,"tutu, mapou, puriri",Furey 2011a,1868772,5828325
Northern,Welcome Bay,U14/177,NZ6304,89,54,Melicytus ramiflorus - dominant; Hebe sp. - minor; Leptospermum sp. - minor; unidentified - minor,Database,1887493,5818610
Northern,Papamoa Hills,U14/1810,Wk14091,222,27,Tutu,Gumbley 2004,1889017,5817191
Northern,Papamoa Hills,U14/1810,Wk14092,195,30,Short lived species,Gumbley 2004,1889017,5817191
Northern,Oropi Road,U14/1945,Wk13117,355,35,Mahoe,Campbell and Paihana 2003,1876747,5817261
Northern,Welcome Bay,U14/2039,Wk17778,616,35,"54% Coriaria arborea, 23% Hebe, 23% Coprosma",Hooker 2005a,1881290,5817689
Northern,Welcome Bay,U14/2039,Wk17779,639,35,"54% Coriaria arborea, 23% Hebe, 23% Coprosma",Hooker 2005a,1881290,5817689
Northern,Papamoa Dune,U14/2897,Wk17613,138,39,Manuka twig,Felgate 2006a,1886783,5824213
Northern,Poplar Lane,U14/3081,Wk19481,296,31,Bracken root and Tutu,Gumbley 2007,1888696,5817511
Northern,Rowesdale,U14/3218,Wk16952,447,32,Mahoe and Five finger,Campbell 2005,1877709,5817183
Northern,The Mall,U14/363,Wk20394,892,30,Coprosma sp.,Mallows 2007,1880567,5829715
Northern,Omokoroa ,U14/712,Wk25349,283,30,"Manuka, Olearis sp, Akeake",Furey 2011,1867653,5828654
Northern,Paengaroa,U15/501,Wk19541,452,34,Ponga,Moore 2006a,1898808,5802155
Northern,Paengaroa,U15/502,Wk19542,412,36,Bracken,Moore 2006a,1898858,5802085
Northern,Hamurana Road,U15/9,Wk16047,266,49,Short lived species,Campbell and Phillips 2005,1886343,5785383
Northern,Hamurana Road,U15/9,Wk16049,242,34,Short lived species,Campbell and Phillips 2005,1886343,5785383
Northern,Hamurana Road,U15/9,Wk16048,228,35,Short lived species,Campbell and Phillips 2005,1886343,5785383
Northern,Hamurana Road,U15/9,Wk16046,160,46,Short lived species,Campbell and Phillips 2005,1886343,5785383
Northern,Motuwhetero,U16/83,NZ1129,207,43,Leptospermum sp.,Database,1896469,5772787
Central,Okau,U26/14,NZ4722,221,55,Unspecified (twigs),Database,1874503,5476374
Northern,Paengaroa,V15/5,Wk19096,423,36,Tree fern,Hooker 2006,1901850,5806371
Northern,Kohika Swamp Pa,V15/80,NZ6583,212,32,Letospermum sp.,Database,1932868,5797463
Northern,Kohika Swamp Pa,V15/80,NZ6619,190,39,Pteridium esculentum,Database,1932868,5797463
Northern,"Maruka 2, Kawerau",V16/211,NZ5318,336,56,Cyatha dealbata,Database,1922686,5778028
Northern,"Maruka 2, Kawerau",V16/211,Wk1740,460,55,Melicytus ramiflorus  ,Database,1922686,5778028
Northern,Maruka  ,V16/219,Wk1744,370,55,Kunzia ericoides,Database,1923688,5776728
Northern,Maruka  ,V16/219,Wk1745,350,55,Cyathea dealbata,Database,1923688,5776728
Northern,Maruka  ,V16/220,Wk1742,360,55,"Hebe sp., Leptospermum scoparium",Database,1923488,5776728
Northern,Maruka  ,V16/220,Wk1743,520,80,"Cyathea dealbata - 95%, Phyllocladus sp. - 5%",Database,1923488,5776728
Northern,Maruka  ,V16/243,Wk1741,400,55,Hebe sp.,Database,1923287,5777328
Central,Otatara Pa,V21/168,NZA1351,414,63,"Myrsine australis, Hebe sp., Alectryon excelsa",Database,1929191,5615176
Central,Motukumara,V21/45,Wk1962,220,50,"Hoheria/Plagianthus sp., Hebe sp., Coprosma sp., Melicytus ramiflorus, Pseudopanax arboreus, unidentified scrub sp",Database,1922528,5613766
Central,Motukumara,V21/45,Wk1963,250,0,"Pseudopanax crassifolius, Schefflera digitata, Corynocarpus laevigata",Database,1922528,5613766
Central,Motukumara,V21/45,Wk1964,250,0,"Pteridium aquilinium - 80%, Scheffliera digitata - 20%",Database,1922528,5613766
Central,Kahotea,V22/119,Beta51319,360,70,"Hebe sp., Pittosporum sp., Pseudopanax crassifolis, unidentified conifer, Podocarpus spicatus, Schleffera digitata, Myoporum laetum, unidentified shrub",Database,1912829,5581136
Central,Waimotu,V22/16,Beta51316,1140,80,Alectryon excelsus,Database,1916328,5596649
Central,Tiromoana Pa,W21/1,NZ1912,118,83,Pseudopanax sp.,Database,1942350,5603863
Northern,Tolaga Bay,Y17/100,NZ6562,564,51,tree fern with some Pteriduem esculentum,Database,2058070,5746808
Northern,East Coast Pa,Y17/275,Wk1148,370,70,Unspecified (twigs),Database,2059534,5746158
Northern,Te Karaka Oven,Y17/459,NZ7399,607,66,Pseudopanax arboreus,Database,2026188,5729890
Northern,Marama Tawhaua,Z17/211,Wk1147,360,125,Unspecified (twigs),Database,2062645,5742454
Central,Iwinui Orchard Pa,Z17/221,NZ7398,213,64,"Leptospermum ericoides, Beilschmiedia tawa, Coprosma sp., Hebe sp., Cassinia sp., fern stem",Database,2060527,5741553
Northern,Iwinui Orchard Pa,Z17/221,NZ7394,134,64,"Beilschmiedia tawa, Hebe sp., Myrsine australis",Database,2060541,5741529
Northern,Cooks Cove,Z17/311,Wk24846,361,35,Short lived species,Walter et al 2010,2066293,5738514
Northern,Cooks Cove,Z17/311,Wk24847,389,36,Short lived species,Walter et al 2010,2066293,5738514
